date,total_cases,total_deaths,total_tests,current_hospitalized,daily_positive_7day_ma,daily_deaths_7day_ma,daily_tests_7day_ma,positivity_rate_orig_7day_ma,positivity_rate_7day_ma,prevalence_ratio_mean,prevalence_ratio_lower,prevalence_ratio_upper,rt_mean,new_infected_mean,new_infected_lower,new_infected_upper,current_infected_mean,current_infected_lower,current_infected_upper,perc_current_infected_mean,perc_current_infected_lower,perc_current_infected_upper,total_infected_mean,total_infected_lower,total_infected_upper,perc_total_infected_mean,perc_total_infected_lower,perc_total_infected_upper
2020-02-12,0,0,0,0.0,0.0,0.0,0.0,0.0,0.0,0.0,0.0,0.0,0.0,67.4908,44.9939,101.236,67.4908,44.9939,101.236,2.0336200000000002e-07,1.35575e-07,3.05043e-07,67.4908,44.9939,101.236,2.0336200000000002e-07,1.35575e-07,3.05043e-07
2020-02-13,0,0,0,0.0,0.0,0.0,0.0,0.0,0.0,0.0,0.0,0.0,0.0,158.94899999999998,105.96600000000001,238.424,226.44,150.96,339.66,6.82305e-07,4.5486999999999994e-07,1.02346e-06,226.44,150.96,339.66,6.82305e-07,4.5486999999999994e-07,1.02346e-06
2020-02-14,0,0,0,0.0,0.0,0.0,0.0,0.0,0.0,0.0,0.0,0.0,0.0,207.704,138.469,311.556,434.144,289.42900000000003,651.216,1.30815e-06,8.72102e-07,1.96223e-06,434.144,289.42900000000003,651.216,1.30815e-06,8.72102e-07,1.96223e-06
2020-02-15,0,0,0,0.0,0.0,0.0,0.0,0.0,0.0,0.0,0.0,0.0,0.0,285.23900000000003,190.15900000000002,427.858,719.383,479.588,1079.07,2.16763e-06,1.4450799999999998e-06,3.25144e-06,719.383,479.588,1079.07,2.16763e-06,1.4450799999999998e-06,3.25144e-06
2020-02-16,0,0,0,0.0,0.0,0.0,0.0,0.0,0.0,0.0,0.0,0.0,0.0,578.244,385.496,867.3660000000001,1297.63,865.084,1946.44,3.90998e-06,2.6066500000000003e-06,5.864969999999999e-06,1297.63,865.084,1946.44,3.90998e-06,2.6066500000000003e-06,5.864969999999999e-06
2020-02-17,0,0,0,0.0,0.0,0.0,0.0,0.0,0.0,0.0,0.0,0.0,0.0,674.087,449.392,1011.13,1971.71,1314.48,2957.57,5.9411199999999995e-06,3.96075e-06,8.91168e-06,1971.71,1314.48,2957.57,5.9411199999999995e-06,3.96075e-06,8.91168e-06
2020-02-18,0,0,0,0.0,0.0,0.0,0.0,0.0,0.0,0.0,0.0,0.0,0.0,847.3910000000001,564.928,1271.09,2819.11,1879.4,4228.66,8.49446e-06,5.66297e-06,1.27417e-05,2819.11,1879.4,4228.66,8.49446e-06,5.66297e-06,1.27417e-05
2020-02-19,0,0,0,0.0,0.0,0.0,0.0,0.0,0.0,0.0,0.0,0.0,0.0,1045.62,697.08,1568.43,3864.73,2576.48,5797.09,1.16451e-05,7.763400000000001e-06,1.74676e-05,3864.73,2576.48,5797.09,1.16451e-05,7.763400000000001e-06,1.74676e-05
2020-02-20,0,0,0,0.0,0.0,0.0,0.0,0.0,0.0,0.0,0.0,0.0,0.0,1318.7,879.132,1978.05,5183.42,3455.62,7775.14,1.56186e-05,1.04124e-05,2.34279e-05,5183.42,3455.62,7775.14,1.56186e-05,1.04124e-05,2.34279e-05
2020-02-21,0,0,0,0.0,0.0,0.0,0.0,0.0,0.0,0.0,0.0,0.0,0.0,1669.06,1112.7,2503.58,6852.48,4568.32,10278.7,2.06477e-05,1.37652e-05,3.09716e-05,6852.48,4568.32,10278.7,2.06477e-05,1.37652e-05,3.09716e-05
2020-02-22,0,0,0,0.0,0.0,0.0,0.0,0.0,0.0,0.0,0.0,0.0,0.0,2130.91,1420.61,3196.37,8983.39,5988.93,13475.1,2.70685e-05,1.80457e-05,4.0602800000000004e-05,8983.39,5988.93,13475.1,2.70685e-05,1.80457e-05,4.0602800000000004e-05
2020-02-23,0,0,0,0.0,0.0,0.0,0.0,0.0,0.0,0.0,0.0,0.0,0.0,2688.94,1792.63,4033.41,11672.3,7781.55,17508.5,3.51708e-05,2.3447199999999998e-05,5.27562e-05,11672.3,7781.55,17508.5,3.51708e-05,2.3447199999999998e-05,5.27562e-05
2020-02-24,0,0,0,0.0,0.0,0.0,0.0,0.0,0.0,0.0,0.0,0.0,0.0,3471.54,2314.36,5207.31,15143.9,10095.9,22715.8,4.56312e-05,3.04208e-05,6.84467e-05,15143.9,10095.9,22715.8,4.56312e-05,3.04208e-05,6.84467e-05
2020-02-25,0,0,0,0.0,0.0,0.0,0.0,0.0,0.0,0.0,0.0,0.0,0.0,4444.41,2962.94,6666.62,19588.3,13058.9,29382.4,5.9023e-05,3.93486e-05,8.85344e-05,19588.3,13058.9,29382.4,5.9023e-05,3.93486e-05,8.85344e-05
2020-02-26,0,0,0,0.0,0.0,0.0,0.0,0.0,0.0,0.0,0.0,0.0,0.0,5638.06,3758.71,8457.09,25226.3,16817.6,37839.5,7.60114e-05,5.0674300000000004e-05,0.000114017,25226.3,16817.6,37839.5,7.60114e-05,5.0674300000000004e-05,0.000114017
2020-02-27,0,0,0,0.0,0.0,0.0,0.0,0.0,0.0,0.0,0.0,0.0,0.0,7165.38,4776.92,10748.1,32324.2,21549.5,48486.4,9.73986e-05,6.49324e-05,0.000146098,32391.7,21594.5,48587.6,9.7602e-05,6.506800000000001e-05,0.000146403
2020-02-28,0,0,0,0.0,0.0,0.0,0.0,0.0,0.0,0.0,0.0,0.0,0.0,9103.34,6068.9,13655.0,41268.6,27512.4,61902.9,0.00012435,8.28998e-05,0.000186524,41495.1,27663.4,62242.6,0.00012503200000000002,8.335459999999999e-05,0.000187548
2020-02-29,18,5,42,0.0,2.57143,0.714286,6.0,0.428571,0.428571,110.926,73.9508,166.389,3.2730099999999998,11318.1,7545.37,16977.1,52379.0,34919.3,78568.5,0.000157827,0.000105218,0.00023674099999999998,52813.1,35208.8,79219.7,0.000159135,0.00010609,0.000238703
2020-03-01,42,8,131,0.0,6.0,1.14286,18.7143,0.32061100000000003,0.32061100000000003,96.3739,64.2493,144.561,3.2352,14214.6,9476.39,21321.9,66308.3,44205.6,99462.5,0.00019979900000000002,0.000133199,0.000299698,67027.7,44685.1,100542.0,0.00020196599999999998,0.000134644,0.00030295
2020-03-02,72,11,336,0.0,10.2857,1.5714299999999999,48.0,0.216867,0.214286,65.5363,43.6908,98.3044,3.20499,17897.8,11931.9,26846.7,83627.9,55751.9,125442.0,0.000251986,0.00016799,0.000377978,84925.5,56617.0,127388.0,0.000255896,0.000170597,0.00038384300000000003
2020-03-03,114,14,606,0.0,16.2857,2.0,86.5714,0.189684,0.188119,52.0328,34.6885,78.0492,3.17287,22585.2,15056.8,33877.8,105539.0,70359.3,158309.0,0.000318008,0.000212005,0.000477011,107511.0,71673.8,161266.0,0.000323949,0.000215966,0.00048592300000000003
2020-03-04,243,16,1585,0.0,34.7143,2.28571,226.429,0.15399200000000002,0.15331199999999998,30.1208,20.0805,45.1811,3.14787,28341.7,18894.5,42512.6,133033.0,88688.9,199550.0,0.000400853,0.000267235,0.000601279,135852.0,90568.3,203779.0,0.00040934699999999996,0.000272898,0.000614021
2020-03-05,304,20,2158,0.0,43.4286,2.8571400000000002,308.286,0.142122,0.140871,30.3648,20.2432,45.5471,3.1111,35664.9,23776.6,53497.4,167653.0,111768.0,251479.0,0.0005051669999999999,0.00033677800000000003,0.00075775,171517.0,114345.0,257276.0,0.000516812,0.00034454099999999997,0.000775218
2020-03-06,434,26,5219,0.0,62.0,3.71429,745.584,0.0835258,0.0831563,26.9203,17.9468,40.3804,3.05769,44927.1,29951.4,67390.6,211261.0,140841.0,316892.0,0.000636567,0.00042437800000000005,0.00095485,216444.0,144296.0,324667.0,0.000652185,0.00043479,0.000978278
2020-03-07,578,27,6104,0.0,80.0,3.1428599999999998,866.023,0.0929306,0.09237630000000001,26.6364,17.7576,39.9546,2.98347,55219.4,36812.9,82829.1,264811.0,176541.0,397217.0,0.0007979230000000001,0.000531949,0.00119688,271664.0,181109.0,407496.0,0.000818571,0.000545714,0.00122786
2020-03-08,751,31,13714,0.0,101.286,3.28571,1940.55,0.052409800000000006,0.052194399999999995,26.548000000000002,17.6987,39.8221,2.8879,66420.8,44280.5,99631.1,329101.0,219401.0,493652.0,0.00099164,0.0006610930000000001,0.00148746,338085.0,225390.0,507127.0,0.00101871,0.0006791389999999999,0.00152806
2020-03-09,1016,35,15767,0.0,134.857,3.4285699999999997,2204.8,0.0611756,0.061165199999999996,25.7424,17.1616,38.6136,2.76366,79372.6,52915.0,119059.0,405785.0,270523.0,608677.0,0.0012227,0.0008151339999999999,0.00183405,417457.0,278305.0,626186.0,0.00125787,0.000838581,0.00188681
2020-03-10,1408,37,18900,0.0,184.857,3.28571,2614.01,0.07073360000000001,0.0707179,24.0424,16.0283,36.0636,2.61671,93887.0,62591.3,140830.0,496200.0,330800.0,744300.0,0.00149514,0.0009967589999999998,0.00224271,511344.0,340896.0,767016.0,0.00154077,0.00102718,0.00231115
2020-03-11,1833,43,23324,0.0,227.143,3.5714300000000003,3107.16,0.07337669999999999,0.0731031,24.8216,16.5478,37.2325,2.46244,109816.0,73210.9,164724.0,601572.0,401048.0,902358.0,0.00181264,0.00120843,0.00271896,621160.0,414107.0,931741.0,0.00187167,0.00124778,0.0028075
2020-03-12,2509,51,31047,0.0,315.0,3.5714300000000003,4130.06,0.0768534,0.07627,22.7472,15.1648,34.1209,2.3134900000000003,125981.0,83987.4,188972.0,721915.0,481277.0,1082870.0,0.00217526,0.00145017,0.00326289,747142.0,498094.0,1120710.0,0.00225127,0.00150085,0.0033769
2020-03-13,3358,56,40974,0.0,417.714,3.1428599999999998,5113.29,0.08254760000000001,0.0816919,21.7932,14.5288,32.6898,2.16945,141610.0,94406.5,212415.0,856360.0,570906.0,1284540.0,0.00258036,0.00172024,0.00387054,888751.0,592501.0,1333130.0,0.00267796,0.00178531,0.00401695
2020-03-14,4351,64,50872,0.0,539.0,3.5714300000000003,6406.46,0.085279,0.08413380000000001,20.9983,13.9988,31.4974,2.0375,159168.0,106112.0,238751.0,1006420.0,670949.0,1509640.0,0.00303253,0.00202169,0.0045487999999999995,1047920.0,698613.0,1571880.0,0.00315756,0.00210504,0.00473635
2020-03-15,5674,79,60674,0.0,703.2860000000001,4.14286,6723.55,0.106429,0.1046,20.2117,13.4745,30.3175,1.9229900000000002,178225.0,118817.0,267338.0,1173330.0,782221.0,1760000.0,0.00353545,0.00235697,0.00530318,1226140.0,817429.0,1839220.0,0.00369459,0.00246306,0.00554188
2020-03-16,7386,100,85590,0.0,910.0,5.28571,10002.1,0.09256569999999999,0.0909813,19.6679,13.112,29.5019,1.82007,196820.0,131214.0,295230.0,1355940.0,903958.0,2033900.0,0.00408568,0.00272378,0.00612851,1422960.0,948643.0,2134450.0,0.00428764,0.00285843,0.00643146
2020-03-17,9479,124,111376,325.0,1153.0,6.57143,13248.5,0.0886845,0.08702860000000001,19.5882,13.0588,29.3823,1.7267,215278.0,143519.0,322917.0,1553320.0,1035540.0,2329980.0,0.00468042,0.00312028,0.00702063,1638240.0,1092160.0,2457360.0,0.00493631,0.00329088,0.00740447
2020-03-18,12854,155,142375,416.0,1574.43,7.857139999999999,17056.4,0.09257380000000001,0.0923069,18.0013,12.0008,27.0019,1.6400400000000002,232627.0,155085.0,348941.0,1763360.0,1175570.0,2645040.0,0.00531331,0.00354221,0.00796997,1870870.0,1247250.0,2806300.0,0.00563726,0.00375817,0.00845589
2020-03-19,17455,203,180115,617.0,2135.14,11.8571,21353.9,0.100263,0.09998860000000001,16.7038,11.1358,25.0556,1.55728,248465.0,165643.0,372698.0,1983480.0,1322320.0,2975220.0,0.00597658,0.00398439,0.00896487,2119330.0,1412890.0,3179000.0,0.00638593,0.00425729,0.00957889
2020-03-20,23570,273,226289,1042.0,2887.43,16.2857,26572.3,0.10906800000000001,0.10866300000000001,15.5595,10.373,23.3393,1.4799799999999999,263496.0,175664.0,395243.0,2211310.0,1474210.0,3316970.0,0.00666308,0.00444205,0.00999461,2382830.0,1588550.0,3574250.0,0.00717989,0.00478659,0.0107698
2020-03-21,30476,335,281094,1492.0,3732.14,20.1429,33028.6,0.113477,0.112997,14.7956,9.86375,22.1934,1.40543,275290.0,183527.0,412935.0,2441680.0,1627780.0,3662510.0,0.0073572,0.0049048,0.011035799999999998,2658120.0,1772080.0,3987180.0,0.00800938,0.00533959,0.0120141
2020-03-22,39746,481,330667,2173.0,4867.43,43.7143,38777.3,0.126196,0.125523,13.645999999999999,9.09731,20.4689,1.33151,283956.0,189304.0,425934.0,2670410.0,1780270.0,4005620.0,0.00804642,0.00536428,0.0120696,2942080.0,1961380.0,4413110.0,0.00886499,0.00591,0.0132975
2020-03-23,50921,582,389210,2812.0,6219.29,48.1429,43636.9,0.14338599999999999,0.142524,12.7623,8.50822,19.1435,1.2627899999999999,291044.0,194029.0,436566.0,2895040.0,1930020.0,4342550.0,0.00872325,0.0058155,0.013084899999999998,3233120.0,2155410.0,4849680.0,0.00974196,0.00649464,0.0146129
2020-03-24,61791,820,467633,3938.0,7473.14,86.1429,51261.2,0.147232,0.145786,12.5633,8.3755,18.8449,1.2003700000000002,294924.0,196616.0,442386.0,3110590.0,2073720.0,4665880.0,0.00937275,0.0062485,0.014059100000000001,3528040.0,2352030.0,5292070.0,0.0106306,0.00708708,0.0159459
2020-03-25,74404,1058,563604,5140.0,8792.86,119.714,60588.0,0.146843,0.145125,12.4893,8.32618,18.7339,1.1440700000000001,296502.0,197668.0,444753.0,3313200.0,2208800.0,4969800.0,0.00998326,0.00665551,0.0149749,3824550.0,2549700.0,5736820.0,0.011524,0.00768269,0.017286000000000003
2020-03-26,92138,1374,670724,7805.0,10669.0,159.857,70554.0,0.153924,0.15121700000000002,11.8082,7.8721,17.7122,1.0953,297312.0,198208.0,445968.0,3500700.0,2333800.0,5251050.0,0.0105482,0.00703215,0.015822299999999997,4121860.0,2747910.0,6182790.0,0.0124199,0.00827992,0.018629800000000002
2020-03-27,111361,1782,771317,10978.0,12541.6,211.857,78258.4,0.163243,0.16025899999999998,11.2912,7.527480000000001,16.9368,1.05255,295744.0,197163.0,443616.0,3670460.0,2446970.0,5505690.0,0.0110597,0.00737316,0.0165896,4417600.0,2945070.0,6626400.0,0.013311000000000002,0.00887401,0.019966499999999998
2020-03-28,131110,2333,879496,12409.0,14376.3,281.42900000000003,85818.3,0.17112,0.16752,11.0715,7.38103,16.6073,1.01545,292387.0,194925.0,438581.0,3821240.0,2547490.0,5731860.0,0.011514100000000001,0.00767604,0.017271099999999998,4709990.0,3139990.0,7064980.0,0.014191999999999998,0.00946135,0.021287999999999998
2020-03-29,150778,2837,962165,14055.0,15861.7,333.42900000000003,90468.7,0.179506,0.17532799999999998,11.2362,7.49079,16.8543,0.9843459999999999,288329.0,192219.0,432494.0,3950400.0,2633600.0,5925600.0,0.011903299999999999,0.0079355,0.0178549,4998320.0,3332210.0,7497480.0,0.015060800000000001,0.0100405,0.022591200000000002
2020-03-30,171969,3425,1069076,15917.0,17292.6,402.714,97309.9,0.182268,0.177706,11.3818,7.587860000000001,17.0727,0.957284,282223.0,188149.0,423335.0,4054400.0,2702930.0,6081600.0,0.0122166,0.00814441,0.0183249,5280540.0,3520360.0,7920810.0,0.0159112,0.0106075,0.0238668
2020-03-31,196932,4332,1183970,18155.0,19305.9,498.286,102392.0,0.18961,0.188549,11.1509,7.43395,16.7264,0.933999,275690.0,183793.0,413535.0,4133270.0,2755510.0,6199900.0,0.0124543,0.00830284,0.0186814,5556230.0,3704150.0,8334350.0,0.0167419,0.0111613,0.0251129
2020-04-01,223165,5336,1302174,20906.0,21251.6,607.857,105499.0,0.20293699999999998,0.201439,10.9463,7.297560000000001,16.4195,0.9157379999999999,268400.0,178933.0,402599.0,4186390.0,2790930.0,6279580.0,0.012614299999999998,0.00840955,0.0189215,5824630.0,3883090.0,8736950.0,0.017550599999999996,0.0117004,0.026326
2020-04-02,251272,6514,1431539,22997.0,22733.4,730.571,108653.0,0.21119200000000002,0.20923000000000003,10.9295,7.286339999999999,16.3943,0.900991,260389.0,173593.0,390584.0,4214150.0,2809430.0,6321230.0,0.012698000000000001,0.00846532,0.019047,6085020.0,4056680.0,9127530.0,0.0183352,0.0122235,0.0275029
2020-04-03,283145,7799,1572254,25777.0,24540.6,856.429,114485.0,0.217072,0.214356,10.7371,7.15809,16.1057,0.890292,253303.0,168869.0,379955.0,4218990.0,2812660.0,6328480.0,0.012712600000000001,0.00847504,0.0190688,6338320.0,4225550.0,9507490.0,0.0190985,0.012732299999999998,0.0286477
2020-04-04,316230,9280,1804488,30268.0,26445.7,989.429,132297.0,0.20283299999999999,0.199896,10.4096,6.93975,15.6144,0.88408,247450.0,164967.0,371175.0,4202940.0,2801960.0,6304420.0,0.0126642,0.00844281,0.0189963,6585770.0,4390520.0,9878660.0,0.019844099999999996,0.013229399999999999,0.0297661
2020-04-05,342109,10619,1924134,32180.0,27333.0,1110.86,137661.0,0.19889500000000002,0.198553,10.3888,6.92585,15.5832,0.8824280000000001,241064.0,160709.0,361596.0,4168720.0,2779150.0,6253080.0,0.0125611,0.00837406,0.0188416,6826840.0,4551230.0,10240300.0,0.020570500000000002,0.0137136,0.030855700000000003
2020-04-06,370347,11932,2063865,36159.0,28339.7,1214.43,142416.0,0.199417,0.198992,10.2698,6.84655,15.4047,0.8843120000000001,235373.0,156915.0,353060.0,4120140.0,2746760.0,6180200.0,0.0124147,0.00827646,0.018622,7062210.0,4708140.0,10593300.0,0.0212797,0.014186500000000001,0.031919499999999996
2020-04-07,400808,13976,2229327,43849.0,29125.1,1376.57,149727.0,0.19503,0.194522,10.1261,6.75073,15.1892,0.8888020000000001,230131.0,153421.0,345196.0,4059220.0,2706150.0,6088830.0,0.012231200000000001,0.0081541,0.0183467,7292340.0,4861560.0,10938500.0,0.0219731,0.014648699999999999,0.032959699999999995
2020-04-08,431776,15973,2392700,45515.0,29801.6,1519.14,156282.0,0.191294,0.190691,9.94921,6.632810000000001,14.9238,0.893807,226953.0,151302.0,340430.0,3991250.0,2660830.0,5986880.0,0.012026299999999998,0.00801756,0.0180395,7519300.0,5012860.0,11278900.0,0.022657,0.0151046,0.033985400000000006
2020-04-09,466916,18035,2567005,51313.0,30806.3,1645.71,162752.0,0.189917,0.18928399999999998,9.651010000000001,6.43401,14.4765,0.899292,223633.0,149089.0,335449.0,3918380.0,2612250.0,5877570.0,0.0118068,0.00787118,0.0177102,7742930.0,5161950.0,11614400.0,0.0233308,0.015553899999999999,0.0349962
2020-04-10,500442,20107,2725730,53167.0,31042.4,1758.14,165329.0,0.188385,0.18776099999999998,9.52709,6.35139,14.2906,0.9031600000000001,219356.0,146238.0,329035.0,3840430.0,2560280.0,5760640.0,0.0115719,0.00771459,0.0173578,7962280.0,5308190.0,11943400.0,0.0239918,0.0159945,0.0359877
2020-04-11,531755,22186,2872468,55557.0,30789.3,1843.57,153152.0,0.20180599999999999,0.201037,9.4964,6.33093,14.2446,0.904734,214620.0,143080.0,321930.0,3759300.0,2506200.0,5638950.0,0.0113274,0.00755163,0.0169912,8176910.0,5451270.0,12265400.0,0.0246385,0.0164256,0.0369577
2020-04-12,559976,23886,3010816,55449.0,31123.9,1895.29,155896.0,0.200488,0.19964500000000002,9.26393,6.17595,13.8959,0.902425,210062.0,140041.0,315092.0,3676980.0,2451320.0,5515470.0,0.0110794,0.00738625,0.016619099999999998,8386970.0,5591310.0,12580500.0,0.025271400000000003,0.0168476,0.0379071
2020-04-13,584158,25516,3135238,56237.0,30544.4,1940.57,153838.0,0.199567,0.198549,9.23976,6.15984,13.8596,0.89717,205172.0,136781.0,307758.0,3593820.0,2395880.0,5390730.0,0.0108288,0.00721921,0.016243200000000003,8592140.0,5728090.0,12888200.0,0.025889599999999995,0.0172598,0.0388344
2020-04-14,610024,27869,3294005,59600.0,29888.0,1984.71,152952.0,0.196506,0.195408,9.224110000000001,6.1494,13.8362,0.889692,200109.0,133406.0,300164.0,3511710.0,2341140.0,5267560.0,0.0105814,0.00705426,0.0158721,8792250.0,5861500.0,13188400.0,0.026492599999999998,0.017661700000000002,0.0397389
2020-04-15,639926,30415,3446504,59924.0,29735.7,2063.14,151507.0,0.197522,0.196266,9.02617,6.01745,13.5393,0.8807950000000001,192992.0,128662.0,289489.0,3429010.0,2286010.0,5143510.0,0.0103322,0.00688814,0.0154983,8985240.0,5990160.0,13477900.0,0.0270741,0.018049400000000004,0.0406112
2020-04-16,671496,32612,3628702,59498.0,29225.7,2082.43,152781.0,0.192692,0.19129100000000002,8.90959,5.93973,13.3644,0.870977,186068.0,124045.0,279101.0,3346680.0,2231120.0,5020020.0,0.0100841,0.00672275,0.0151262,9171310.0,6114210.0,13757000.0,0.0276348,0.0184232,0.0414522
2020-04-17,703456,34730,3795864,58886.0,29002.0,2089.0,154157.0,0.189709,0.188133,8.733989999999999,5.82266,13.100999999999999,0.8630450000000001,180150.0,120100.0,270225.0,3266440.0,2177620.0,4899660.0,0.00984235,0.00656157,0.014763499999999999,9351460.0,6234310.0,14027200.0,0.0281776,0.0187851,0.042266399999999996
2020-04-18,731416,36621,3960441,57788.0,28523.0,2062.14,157073.0,0.183517,0.181591,8.675469999999999,5.78364,13.0132,0.856642,174305.0,116203.0,261457.0,3187440.0,2124960.0,4781160.0,0.00960432,0.00640288,0.0144065,9525760.0,6350510.0,14288600.0,0.0287028,0.0191352,0.043054199999999994
2020-04-19,758946,38384,4111690,56497.0,28424.3,2071.14,159170.0,0.180738,0.178578,8.48092,5.65395,12.7214,0.852342,168905.0,112603.0,253358.0,3108890.0,2072600.0,4663340.0,0.00936764,0.0062451,0.014051499999999998,9694670.0,6463110.0,14542000.0,0.0292117,0.0194745,0.0438176
2020-04-20,784893,40199,4255633,56734.0,28676.4,2097.57,162143.0,0.17916400000000002,0.176859,8.2079,5.47193,12.3118,0.8496809999999999,163756.0,109171.0,245634.0,3031590.0,2021060.0,4547380.0,0.0091347,0.0060898,0.013702100000000002,9858420.0,6572280.0,14787600.0,0.0297052,0.019803400000000002,0.0445578
2020-04-21,810932,42680,4422765,59773.0,28701.1,2115.86,163669.0,0.17799,0.17536,8.018180000000001,5.34545,12.0273,0.8468110000000001,158155.0,105437.0,237232.0,2954370.0,1969580.0,4431550.0,0.00890203,0.00593469,0.013353,10016600.0,6677720.0,15024900.0,0.030181700000000002,0.0201211,0.0452726
2020-04-22,840119,44762,4766287,59212.0,28599.0,2049.57,191215.0,0.151686,0.149564,7.9357,5.29047,11.9036,0.8437180000000001,153076.0,102051.0,229614.0,2877310.0,1918210.0,4315970.0,0.00866985,0.0057799,0.0130048,10169700.0,6779770.0,15254500.0,0.030643,0.020428599999999998,0.0459644
2020-04-23,872083,46576,4978581,59216.0,28655.3,1994.86,195847.0,0.148596,0.146315,7.804239999999999,5.2028300000000005,11.7064,0.840133,147869.0,98579.2,221803.0,2798230.0,1865490.0,4197340.0,0.00843155,0.00562104,0.0126473,10317500.0,6878350.0,15476300.0,0.031088499999999998,0.0207257,0.0466328
2020-04-24,906291,48548,5219877,57324.0,28976.4,1974.0,206795.0,0.142439,0.140122,7.57017,5.04678,11.3553,0.834521,141460.0,94306.7,212190.0,2716060.0,1810700.0,4074080.0,0.00818395,0.00545597,0.0122759,10459000.0,6972660.0,15688500.0,0.031514799999999996,0.0210098,0.0472721
2020-04-25,942051,50175,5491539,57343.0,30090.7,1936.29,222390.0,0.137571,0.13530599999999998,7.132439999999999,4.75496,10.6987,0.827889,135575.0,90383.1,203362.0,2632270.0,1754850.0,3948410.0,0.0079315,0.00528767,0.0118973,10594600.0,7063040.0,15891800.0,0.0319233,0.0212822,0.0478849
2020-04-26,969347,51397,5692167,56149.0,30057.3,1859.0,229503.0,0.133125,0.130967,6.98871,4.65914,10.4831,0.821903,129523.0,86348.9,194285.0,2547180.0,1698120.0,3820760.0,0.00767509,0.00511673,0.011512600000000001,10724100.0,7149390.0,16086100.0,0.0323135,0.0215424,0.0484703
2020-04-27,991739,52684,5883040,56183.0,29549.4,1783.57,236270.0,0.127102,0.125066,6.94335,4.6289,10.415,0.816943,123873.0,82581.8,185809.0,2460990.0,1640660.0,3691480.0,0.00741539,0.00494359,0.0111231,10848000.0,7231970.0,16271900.0,0.0326868,0.0217912,0.049030199999999996
2020-04-28,1016930,54761,6105948,56034.0,29428.3,1725.86,244243.0,0.122386,0.12048800000000001,6.7999,4.53327,10.1999,0.8166359999999999,118823.0,79215.0,178234.0,2374640.0,1583090.0,3561960.0,0.0071552,0.00477014,0.010732799999999999,10966800.0,7311180.0,16450200.0,0.033044800000000006,0.0220299,0.0495672
2020-04-29,1043198,57446,6363203,55987.0,29011.3,1812.0,232219.0,0.127169,0.124931,6.65232,4.434880000000001,9.978489999999999,0.820636,114273.0,76182.3,171410.0,2288800.0,1525870.0,3433200.0,0.00689656,0.00459771,0.0103448,11081100.0,7387370.0,16621600.0,0.0333892,0.022259400000000002,0.0500837
2020-04-30,1073216,59599,6636250,54921.0,28733.3,1860.43,241015.0,0.12133499999999998,0.119218,6.4756800000000005,4.31712,9.713519999999999,0.828997,110305.0,73536.7,165458.0,2206110.0,1470740.0,3309170.0,0.00664741,0.00443161,0.00997112,11191400.0,7460900.0,16787000.0,0.033721499999999995,0.022481,0.050582300000000004
2020-05-01,1106029,61407,6920144,54862.0,28534.0,1837.0,247190.0,0.117474,0.115433,6.31351,4.20901,9.47027,0.8416600000000001,108199.0,72132.6,162298.0,2128250.0,1418830.0,3192370.0,0.00641278,0.00427519,0.00961917,11299600.0,7533040.0,16949300.0,0.0340475,0.0226984,0.0510713
2020-05-02,1135198,62938,7184877,54009.0,27592.4,1823.29,246001.0,0.11406300000000001,0.11216400000000001,6.31712,4.21141,9.47568,0.857929,106023.0,70682.1,159035.0,2054120.0,1369410.0,3081180.0,0.00618942,0.00412628,0.00928413,11405600.0,7603720.0,17108400.0,0.034367,0.0229113,0.0515505
2020-05-03,1160972,64181,7419754,52619.0,27375.0,1826.29,251158.0,0.110921,0.10899500000000001,6.17005,4.11337,9.25507,0.874376,104266.0,69510.9,156399.0,1984080.0,1322720.0,2976120.0,0.00597839,0.00398559,0.00896758,11509800.0,7673230.0,17264800.0,0.034681199999999995,0.0231208,0.05202180000000001
2020-05-04,1183200,65209,7647366,52377.0,27351.6,1789.29,256748.0,0.108518,0.106531,5.98707,3.9913800000000004,8.98061,0.891056,102602.0,68401.4,153903.0,1917780.0,1278520.0,2876670.0,0.0057786,0.0038524,0.008667900000000001,11612400.0,7741630.0,17418700.0,0.0349903,0.0233269,0.052485500000000004
2020-05-05,1205537,67703,7928945,53176.0,26943.9,1848.86,265320.0,0.10346,0.101552,5.86979,3.9132,8.804689999999999,0.9043059999999999,101199.0,67466.3,151799.0,1855220.0,1236810.0,2782830.0,0.00559011,0.00372674,0.00838516,11713600.0,7809100.0,17570500.0,0.0352953,0.0235302,0.052942899999999994
2020-05-06,1230779,69619,8219822,52581.0,26797.3,1739.0,271323.0,0.101034,0.0987653,5.71237,3.80825,8.56856,0.9140469999999999,99861.7,66574.4,149792.0,1796930.0,1197950.0,2695390.0,0.00541446,0.00360964,0.00812169,11813500.0,7875670.0,17720300.0,0.0355962,0.0237308,0.0533943
2020-05-07,1258000,72371,8544427,51425.0,26397.7,1824.57,278750.0,0.096838,0.09470039999999999,5.60158,3.7343800000000003,8.40237,0.9196629999999999,98640.5,65760.3,147961.0,1742490.0,1161660.0,2613740.0,0.00525044,0.00350029,0.00787566,11912100.0,7941430.0,17868200.0,0.035893400000000006,0.023928900000000003,0.053840099999999995
2020-05-08,1285195,74152,8854218,49758.0,25595.1,1820.71,283105.0,0.09263660000000001,0.09040880000000001,5.52683,3.68455,8.290239999999999,0.9208299999999999,96770.8,64513.8,145156.0,1691390.0,1127600.0,2537090.0,0.00509647,0.00339765,0.0076447,12008900.0,8005950.0,18013400.0,0.036185,0.0241233,0.0542775
2020-05-09,1310513,75608,9176281,48561.0,25045.0,1810.0,291478.0,0.08803589999999999,0.0859241,5.41324,3.60883,8.119860000000001,0.917617,94814.2,63209.5,142221.0,1644750.0,1096500.0,2467120.0,0.00495592,0.00330395,0.00743388,12103700.0,8069150.0,18155600.0,0.0364707,0.0243138,0.054706
2020-05-10,1331595,76640,9448400,46760.0,24374.7,1779.86,296811.0,0.0841068,0.0821219,5.31384,3.54256,7.97076,0.9133379999999999,92780.1,61853.4,139170.0,1601950.0,1067970.0,2402930.0,0.00482697,0.00321798,0.00724046,12196500.0,8131010.0,18294800.0,0.0367502,0.0245002,0.055125400000000005
2020-05-11,1349723,77534,9816845,46550.0,23789.0,1760.71,316844.0,0.07675710000000001,0.0750811,5.20714,3.4714300000000002,7.81071,0.9082389999999999,90477.8,60318.6,135717.0,1562910.0,1041940.0,2344360.0,0.00470932,0.00313955,0.00706398,12287000.0,8191330.0,18430500.0,0.037022900000000004,0.024681900000000003,0.05553430000000001
2020-05-12,1372092,79040,10158783,47344.0,23793.6,1619.57,325476.0,0.0746938,0.073104,4.99389,3.3292599999999997,7.4908399999999995,0.904057,88279.7,58853.2,132420.0,1527320.0,1018210.0,2290970.0,0.00460207,0.00306805,0.00690311,12375300.0,8250180.0,18562900.0,0.0372889,0.0248592,0.055933300000000005
2020-05-13,1393706,80774,10501632,46918.0,23275.3,1593.57,332215.0,0.0714025,0.0700608,4.90965,3.2731,7.36447,0.9024979999999999,86415.2,57610.1,129623.0,1494910.0,996606.0,2242360.0,0.00450442,0.00300295,0.00675663,12461700.0,8307790.0,18692500.0,0.03754930000000001,0.0250328,0.0563239
2020-05-14,1420399,82626,10886241,45924.0,23199.9,1465.0,341056.0,0.0693475,0.0680235,4.75456,3.16971,7.1318399999999995,0.9044270000000001,84828.1,56552.1,127242.0,1465460.0,976975.0,2198190.0,0.0044157,0.0029438000000000003,0.00662355,12546500.0,8364340.0,18819800.0,0.0378049,0.025203200000000002,0.056707299999999995
2020-05-15,1445870,84161,11292720,44551.0,22953.6,1429.86,354524.0,0.0658909,0.06474479999999999,4.71382,3.14255,7.07073,0.910286,83393.8,55595.9,125091.0,1438550.0,959035.0,2157830.0,0.00433461,0.00288974,0.00650192,12629900.0,8419940.0,18944900.0,0.038056099999999995,0.0253708,0.0570842
2020-05-16,1469609,85398,11667922,43507.0,22728.0,1398.57,362104.0,0.0638519,0.0627665,4.66487,3.1099099999999997,6.997310000000001,0.919558,82622.8,55081.9,123934.0,1412980.0,941984.0,2119460.0,0.00425754,0.00283836,0.00638632,12712500.0,8475020.0,19068800.0,0.0383051,0.025536700000000002,0.057457600000000005
2020-05-17,1489979,86271,12023434,42022.0,22626.3,1375.86,373251.0,0.06150750000000001,0.06061950000000001,4.6081900000000005,3.07213,6.91229,0.9303790000000001,82127.9,54752.0,123192.0,1389080.0,926054.0,2083620.0,0.00418554,0.00279036,0.00627832,12794700.0,8529770.0,19192000.0,0.0385526,0.0257017,0.0578288
2020-05-18,1510622,87126,12368421,41921.0,22985.6,1370.29,369723.0,0.0630587,0.0621697,4.46376,2.9758400000000003,6.695639999999999,0.94058,81838.6,54559.1,122758.0,1366650.0,911102.0,2049980.0,0.00411797,0.00274531,0.00617695,12876500.0,8584330.0,19314700.0,0.0387992,0.0258661,0.0581987
2020-05-19,1531270,88444,12787720,42023.0,22739.7,1343.43,380599.0,0.0605484,0.0597471,4.45034,2.9668900000000002,6.675510000000001,0.949691,81424.0,54282.7,122136.0,1345470.0,896983.0,2018210.0,0.00405415,0.00270277,0.00608123,12957900.0,8638610.0,19436900.0,0.039044499999999996,0.026029700000000003,0.05856669999999999
2020-05-20,1552580,89843,13245076,41871.0,22696.3,1295.57,395622.0,0.0579104,0.0573687,4.39991,2.9332700000000003,6.59987,0.9549209999999999,80786.4,53857.6,121180.0,1325060.0,883375.0,1987590.0,0.00399264,0.00266176,0.00598897,13038700.0,8692470.0,19558100.0,0.0392879,0.026191900000000004,0.058931899999999995
2020-05-21,1579325,91220,13756520,41347.0,22703.7,1227.71,413587.0,0.0553695,0.0548947,4.34469,2.89646,6.51703,0.9562129999999999,79820.7,53213.8,119731.0,1305020.0,870014.0,1957530.0,0.00393226,0.00262151,0.00589839,13118500.0,8745680.0,19677800.0,0.0395284,0.026352299999999995,0.059292700000000004
2020-05-22,1603453,92511,14203920,40014.0,22511.9,1192.86,419517.0,0.054129899999999995,0.05366130000000001,4.29866,2.86577,6.44799,0.9548110000000001,79057.4,52705.0,118586.0,1285440.0,856958.0,1928160.0,0.00387325,0.00258217,0.00580988,13197600.0,8798390.0,19796400.0,0.0397666,0.0265111,0.05965
2020-05-23,1625966,93549,14653342,38581.0,22336.7,1164.43,430168.0,0.0523735,0.051925599999999995,4.24477,2.82985,6.36716,0.952242,77729.6,51819.7,116594.0,1266400.0,844264.0,1899590.0,0.00381588,0.00254392,0.00572381,13275300.0,8850210.0,19913000.0,0.0400009,0.026667200000000002,0.0600013
2020-05-24,1645038,94238,15035959,37757.0,22242.7,1138.14,435570.0,0.051683900000000005,0.0510658,4.17126,2.78084,6.25689,0.9497399999999999,76486.1,50990.7,114729.0,1248070.0,832046.0,1872100.0,0.00376065,0.0025071,0.00564098,13351800.0,8901200.0,20027700.0,0.040231300000000005,0.0268209,0.060347000000000005
2020-05-25,1663571,94793,15442450,37711.0,21941.3,1095.29,445040.0,0.0499634,0.0493019,4.12363,2.7490900000000003,6.18545,0.9507770000000001,75715.2,50476.8,113573.0,1231000.0,820669.0,1846510.0,0.00370923,0.00247282,0.00556385,13427500.0,8951680.0,20141300.0,0.0404595,0.026973,0.06068919999999999
2020-05-26,1680253,95458,15758676,37775.0,21374.7,1002.0,430733.0,0.0503619,0.0496241,4.1301,2.7534,6.19515,0.9554889999999999,75182.2,50121.5,112773.0,1215710.0,810472.0,1823560.0,0.00366314,0.00244209,0.00549471,13502700.0,9001800.0,20254000.0,0.040686,0.027124000000000002,0.06102899999999999
2020-05-27,1699462,96793,16185295,38297.0,21074.6,992.857,427314.0,0.050173800000000005,0.04931869999999999,4.10045,2.73363,6.15067,0.966043,75201.0,50134.0,112802.0,1202630.0,801753.0,1803940.0,0.00362373,0.00241582,0.0054356000000000005,13577900.0,9051930.0,20366800.0,0.0409126,0.027275099999999997,0.0613689
2020-05-28,1722221,98031,16675769,38003.0,20505.1,973.0,424134.0,0.049168800000000006,0.0483459,4.13692,2.75795,6.20538,0.9819530000000001,75657.8,50438.5,113487.0,1191870.0,794581.0,1787810.0,0.00359132,0.00239421,0.00538698,13653600.0,9102370.0,20480300.0,0.0411406,0.027426999999999997,0.061710900000000006
2020-05-29,1745815,99202,17207098,36948.0,20428.9,955.857,436392.0,0.047616900000000004,0.046813099999999996,4.08216,2.7214400000000003,6.12324,1.00136,76149.1,50766.1,114224.0,1183190.0,788795.0,1774790.0,0.00356517,0.00237678,0.00534775,13729700.0,9153140.0,20594600.0,0.04137,0.02758,0.06205499999999999
2020-05-30,1769406,100127,17659679,35735.0,20582.9,939.7139999999999,436771.0,0.0479254,0.047125,4.0141599999999995,2.6761,6.02123,1.02379,77507.2,51671.5,116261.0,1177310.0,784871.0,1765960.0,0.00354743,0.00236495,0.00532115,13807200.0,9204810.0,20710800.0,0.0416036,0.027735700000000002,0.0624054
2020-05-31,1791042,100780,18079882,34911.0,20857.7,934.571,441107.0,0.0479657,0.0472849,3.93753,2.62502,5.9063,1.04892,78996.1,52664.1,118494.0,1173680.0,782453.0,1760520.0,0.0035365,0.00235767,0.00530475,13886200.0,9257470.0,20829300.0,0.0418416,0.027894400000000003,0.0627624
2020-06-01,1811143,101460,18492331,34316.0,20579.7,952.429,440849.0,0.047234,0.046682,3.97667,2.6511099999999996,5.965,1.07405,80697.5,53798.3,121046.0,1172250.0,781499.0,1758370.0,0.00353219,0.0023548,0.00529829,13966900.0,9311270.0,20950400.0,0.0420848,0.028056499999999998,0.06312709999999999
2020-06-02,1830983,102433,18953869,33950.0,21030.9,996.429,461217.0,0.046074199999999996,0.045598599999999996,3.87164,2.5811,5.8074699999999995,1.1001100000000001,83138.3,55425.6,124708.0,1173550.0,782366.0,1760320.0,0.00353611,0.00235741,0.00530416,14050000.0,9366700.0,21075100.0,0.0423353,0.028223500000000002,0.0635029
2020-06-03,1851165,103407,19453495,33237.0,21169.9,944.857,471138.0,0.0453427,0.0449335,3.8161,2.54407,5.7241599999999995,1.12602,85828.9,57219.3,128743.0,1177950.0,785302.0,1766930.0,0.00354938,0.00236625,0.00532407,14135900.0,9423920.0,21203800.0,0.042593900000000004,0.0283959,0.0638908
2020-06-04,1871635,104288,19962058,32814.0,20842.9,893.857,474201.0,0.0443966,0.0439536,3.82964,2.55309,5.74446,1.15215,89078.1,59385.4,133617.0,1186250.0,790830.0,1779370.0,0.00357437,0.00238291,0.00536155,14225000.0,9483300.0,21337400.0,0.042862300000000006,0.028574900000000004,0.0642934
2020-06-05,1894690,105125,20570946,32499.0,20765.9,846.143,484998.0,0.04321269999999999,0.0428163,3.80709,2.5380599999999998,5.71063,1.1794,93060.4,62040.3,139591.0,1199480.0,799657.0,1799230.0,0.00361426,0.00240951,0.00542139,14318000.0,9545340.0,21477000.0,0.0431427,0.0287618,0.064714
2020-06-06,1917413,105839,21132408,31994.0,20641.9,816.0,500929.0,0.0416079,0.041207099999999997,3.7656300000000003,2.51042,5.64845,1.20651,97238.2,64825.5,145857.0,1217670.0,811777.0,1826500.0,0.00366904,0.00244603,0.00550356,14415300.0,9610170.0,21622900.0,0.043435699999999994,0.028957099999999996,0.0651535
2020-06-07,1936514,106285,21563065,31490.0,20279.7,786.429,503515.0,0.04075530000000001,0.0402763,3.77156,2.51437,5.6573400000000005,1.23183,102566.0,68377.1,153849.0,1242500.0,828335.0,1863750.0,0.00374388,0.00249592,0.00561582,14517800.0,9678540.0,21776700.0,0.0437447,0.0291632,0.06561710000000001
2020-06-08,1953397,106959,21964914,31121.0,20322.0,785.571,502986.0,0.0409649,0.0404027,3.7257800000000003,2.48385,5.58866,1.2560799999999999,108471.0,72313.9,162706.0,1274490.0,849658.0,1911730.0,0.00384025,0.00256017,0.00576038,14626300.0,9750860.0,21939400.0,0.0440716,0.029381099999999997,0.0661074
2020-06-09,1970250,107850,22423437,31187.0,19895.3,773.857,503318.0,0.0401396,0.0395282,3.7789,2.51926,5.66834,1.27631,114793.0,76528.7,172190.0,1313560.0,875710.0,1970350.0,0.003958,0.00263867,0.005937,14741100.0,9827390.0,22111600.0,0.0444175,0.0296116,0.0666262
2020-06-10,1991119,108738,22903511,30952.0,19993.4,761.571,501472.0,0.0405662,0.0398695,3.7612900000000002,2.50752,5.64193,1.29225,121386.0,80924.2,182080.0,1359770.0,906512.0,2039650.0,0.00409722,0.00273148,0.00614583,14862500.0,9908310.0,22293700.0,0.0447832,0.0298555,0.0671748
2020-06-11,2013199,109636,23384689,29844.0,20223.4,764.0,500746.0,0.041361199999999994,0.0403866,3.7410900000000002,2.4940599999999997,5.61164,1.30257,128260.0,85506.4,192389.0,1412830.0,941885.0,2119240.0,0.004257100000000001,0.00283806,0.00638565,14990700.0,9993820.0,22486100.0,0.04516969999999999,0.030113099999999997,0.0677546
2020-06-12,2036278,110402,24008839,29309.0,20226.9,753.857,503615.0,0.041184500000000006,0.040163300000000006,3.76475,2.50984,5.647130000000001,1.30712,135347.0,90231.3,203020.0,1472520.0,981677.0,2208770.0,0.00443695,0.00295797,0.00665543,15126100.0,10084000.0,22689100.0,0.0455775,0.030385000000000002,0.0683663
2020-06-13,2061730,111095,24550868,28578.0,20616.7,750.857,501172.0,0.042217000000000005,0.041137,3.7594300000000005,2.5062900000000004,5.63915,1.30635,142813.0,95208.8,214220.0,1539180.0,1026120.0,2308770.0,0.00463782,0.00309188,0.00695673,15268900.0,10179300.0,22903300.0,0.0460078,0.0306719,0.06901180000000001
2020-06-14,2083317,111451,25023513,28020.0,20971.9,738.0,507040.0,0.0424231,0.041361300000000004,3.7667699999999997,2.51118,5.65015,1.30172,149904.0,99935.9,224856.0,1611580.0,1074380.0,2417370.0,0.00485597,0.00323731,0.00728395,15418800.0,10279200.0,23128200.0,0.0464595,0.030973,0.06968930000000001
2020-06-15,2101647,111838,25467763,28026.0,21178.6,697.0,513765.0,0.0423227,0.0412223,3.81034,2.54022,5.7155,1.2923200000000001,157277.0,104851.0,235915.0,1689860.0,1126570.0,2534790.0,0.00509184,0.00339456,0.00763776,15576100.0,10384000.0,23364100.0,0.0469334,0.031289,0.0704002
2020-06-16,2124557,112556,25972959,28386.0,22043.9,672.2860000000001,520684.0,0.0434726,0.0423364,3.7715,2.5143299999999997,5.65725,1.27978,164597.0,109731.0,246895.0,1773760.0,1182500.0,2660640.0,0.00534464,0.0035631,0.00801696,15740700.0,10493800.0,23611000.0,0.047429400000000004,0.0316196,0.0711441
2020-06-17,2148522,113335,26535625,28664.0,22486.1,656.7139999999999,533073.0,0.0433365,0.0421821,3.8169699999999995,2.54465,5.72545,1.26385,172158.0,114772.0,258237.0,1862780.0,1241850.0,2794160.0,0.00561287,0.00374192,0.00841931,15912800.0,10608500.0,23869200.0,0.0479481,0.0319654,0.07192219999999999
2020-06-18,2175568,114020,27090434,28521.0,23195.6,626.286,541406.0,0.0438155,0.0428432,3.8403099999999997,2.5602,5.76046,1.2460200000000001,178974.0,119316.0,268460.0,1955920.0,1303950.0,2933880.0,0.00589354,0.00392902,0.008840299999999999,16091800.0,10727900.0,24137700.0,0.0484874,0.032324900000000004,0.0727311
2020-06-19,2206470,114669,27743744,28706.0,24313.1,609.571,545189.0,0.045568,0.044595800000000005,3.82758,2.55172,5.74136,1.2256799999999999,184653.0,123102.0,276979.0,2051500.0,1367660.0,3077240.0,0.00618152,0.00412101,0.00927228,16276400.0,10851000.0,24414700.0,0.049043800000000005,0.0326959,0.0735657
2020-06-20,2238649,115284,28349530,28084.0,25274.1,598.429,554174.0,0.046574000000000004,0.0456069,3.84734,2.56489,5.7710099999999995,1.20405,189534.0,126356.0,284301.0,2147970.0,1431980.0,3221950.0,0.00647221,0.00431481,0.00970832,16466000.0,10977300.0,24699000.0,0.0496149,0.0330766,0.0744224
2020-06-21,2267829,115577,28845557,28325.0,26358.9,589.429,557342.0,0.0482757,0.0472939,3.8911300000000004,2.59409,5.83669,1.18166,194405.0,129603.0,291607.0,2245140.0,1496760.0,3367700.0,0.00676499,0.00450999,0.0101475,16660400.0,11106900.0,24990600.0,0.050200699999999994,0.0334671,0.07530099999999999
2020-06-22,2294604,115866,29337252,28954.0,27565.3,575.429,563761.0,0.0498663,0.0488953,3.93505,2.62337,5.90258,1.16109,198542.0,132361.0,297813.0,2341110.0,1560740.0,3511670.0,0.00705418,0.00470279,0.010581299999999998,16858900.0,11239300.0,25288400.0,0.0507989,0.0338659,0.07619839999999999
2020-06-23,2328064,116588,29994548,30394.0,29072.4,576.0,585749.0,0.0506036,0.0496329,3.94852,2.63235,5.92278,1.1436899999999999,202578.0,135052.0,303868.0,2435220.0,1623480.0,3652830.0,0.00733775,0.00489183,0.0110066,17061500.0,11374300.0,25592300.0,0.051409300000000005,0.0342729,0.077114
2020-06-24,2367122,117295,30551149,31271.0,31228.6,565.714,584543.0,0.05443869999999999,0.0534239,3.88703,2.59135,5.83054,1.13091,205943.0,137296.0,308915.0,2526370.0,1684250.0,3789550.0,0.007612399999999999,0.00507493,0.011418600000000001,17267400.0,11511600.0,25901200.0,0.0520299,0.0346866,0.0780448
2020-06-25,2406763,117942,31253049,31926.0,33027.9,560.286,605152.0,0.0555408,0.0545778,3.8833699999999998,2.58892,5.82506,1.12199,210224.0,140149.0,315336.0,2615210.0,1743470.0,3922810.0,0.00788008,0.00525339,0.0118201,17477700.0,11651800.0,26216500.0,0.0526633,0.0351089,0.07899500000000001
2020-06-26,2451198,118563,32054521,31810.0,34961.1,556.286,628581.0,0.0567712,0.055619100000000005,3.87135,2.5809,5.80703,1.11815,215793.0,143862.0,323690.0,2702740.0,1801830.0,4054110.0,0.00814384,0.00542922,0.012215799999999999,17693500.0,11795600.0,26540200.0,0.0533135,0.0355424,0.0799703
2020-06-27,2494258,119066,32752646,32566.0,36515.6,540.286,642838.0,0.0580518,0.05680369999999999,3.9110199999999997,2.60735,5.86653,1.1176,221502.0,147668.0,332252.0,2788900.0,1859260.0,4183340.0,0.00840343,0.00560229,0.0126052,17915000.0,11943300.0,26872500.0,0.053980999999999994,0.03598730000000001,0.0809714
2020-06-28,2535952,119339,33361686,32575.0,38303.3,537.429,661101.0,0.0593701,0.057938699999999996,3.9136,2.60907,5.87041,1.11845,226622.0,151081.0,339933.0,2872700.0,1915140.0,4309060.0,0.00865597,0.00577064,0.0129839,18141600.0,12094400.0,27212400.0,0.054663800000000005,0.0364425,0.0819957
2020-06-29,2575231,119677,34032159,33744.0,40089.6,544.429,688446.0,0.0597726,0.058231899999999996,3.92314,2.61542,5.8847,1.1184399999999999,231957.0,154638.0,347936.0,2954760.0,1969840.0,4432140.0,0.00890321,0.00593547,0.0133548,18373500.0,12249000.0,27560300.0,0.055362699999999994,0.0369085,0.08304410000000001
2020-06-30,2622225,120257,34743893,35335.0,42023.0,524.143,697153.0,0.0619372,0.060278,3.9168300000000005,2.61122,5.87524,1.11632,237151.0,158101.0,355726.0,3034630.0,2023090.0,4551950.0,0.00914388,0.00609592,0.013715799999999998,18610700.0,12407100.0,27916000.0,0.056077300000000004,0.0373849,0.084116
2020-07-01,2673337,120953,35468962,36569.0,43745.0,522.571,722945.0,0.062266499999999995,0.060509400000000005,3.93548,2.6236599999999997,5.90322,1.11129,241961.0,161307.0,362942.0,3112000.0,2074660.0,4667990.0,0.00937699,0.00625133,0.0140655,18852700.0,12568400.0,28279000.0,0.05680639999999999,0.0378709,0.0852096
2020-07-02,2726896,121652,36225257,37627.0,45733.3,530.0,732242.0,0.0643845,0.062456500000000005,3.91342,2.60895,5.8701300000000005,1.10366,245661.0,163774.0,368491.0,3185500.0,2123670.0,4778250.0,0.00959847,0.00639898,0.014397700000000001,19098300.0,12732200.0,28647500.0,0.0575466,0.0383644,0.08631989999999999
2020-07-03,2781025,122254,37017237,37927.0,47118.1,527.286,729780.0,0.066461,0.0645648,3.91894,2.61262,5.8784,1.09269,248186.0,165457.0,372279.0,3254710.0,2169810.0,4882070.0,0.00980702,0.00653801,0.0147105,19346500.0,12897700.0,29019800.0,0.058294399999999996,0.038863,0.0874417
2020-07-04,2835826,122554,37693784,38281.0,48795.4,498.286,726381.0,0.06912739999999999,0.067176,3.88425,2.5895,5.82638,1.07925,250621.0,167081.0,375932.0,3320680.0,2213790.0,4981020.0,0.010005799999999999,0.00667053,0.015008700000000002,19597100.0,13064800.0,29395700.0,0.0590496,0.039366399999999996,0.0885744
2020-07-05,2881153,122761,38331467,38872.0,49314.4,488.85699999999997,728801.0,0.06946000000000001,0.0676651,3.94214,2.6281,5.91322,1.0651700000000002,252623.0,168415.0,378934.0,3383770.0,2255850.0,5075650.0,0.0101959,0.00679726,0.015293799999999998,19849800.0,13233200.0,29774600.0,0.059810800000000004,0.039873900000000004,0.0897162
2020-07-06,2921919,122996,38976811,39970.0,49526.9,474.14300000000003,724524.0,0.0701137,0.0683577,4.008769999999999,2.67252,6.01316,1.05095,253946.0,169297.0,380919.0,3443310.0,2295540.0,5164960.0,0.010375299999999999,0.00691687,0.0155629,20103700.0,13402500.0,30155500.0,0.060576,0.040383999999999996,0.090864
2020-07-07,2972915,123906,39703653,41957.0,50098.6,521.286,726428.0,0.07070710000000001,0.06896569999999999,4.0436,2.6957299999999997,6.0654,1.03694,254020.0,169347.0,381030.0,3498790.0,2332530.0,5248180.0,0.0105425,0.00702831,0.0158137,20357700.0,13571800.0,30536600.0,0.0613414,0.0408943,0.09201210000000001
2020-07-08,3035676,124724,40483982,43204.0,51762.7,538.714,734345.0,0.0722508,0.0704883,3.9786,2.6524,5.9679,1.02311,253823.0,169215.0,380734.0,3550030.0,2366690.0,5325050.0,0.010696899999999999,0.00713125,0.016045300000000002,20611500.0,13741000.0,30917300.0,0.0621062,0.0414041,0.09315930000000001
2020-07-09,3094855,125589,41309800,44055.0,52565.6,562.429,742775.0,0.07236820000000001,0.0707692,3.9992699999999997,2.6661799999999998,5.9989099999999995,1.01001,253015.0,168677.0,379522.0,3597100.0,2398070.0,5395660.0,0.0108387,0.00722581,0.0162581,20864600.0,13909700.0,31296800.0,0.0628686,0.0419124,0.0943029
2020-07-10,3161810,126424,42227771,51740.0,54397.9,595.714,761987.0,0.0730798,0.0713895,3.96695,2.64463,5.950419999999999,0.997659,251883.0,167922.0,377825.0,3638760.0,2425840.0,5458150.0,0.0109642,0.00730949,0.016446400000000003,21116400.0,14077600.0,31674700.0,0.0636275,0.0424184,0.0954413
2020-07-11,3224474,127177,43044209,51982.0,55521.1,660.429,782271.0,0.0726387,0.0709743,3.9895,2.65967,5.98425,0.9862280000000001,249793.0,166529.0,374690.0,3672760.0,2448510.0,5509140.0,0.0110667,0.00737779,0.0166,21366200.0,14244200.0,32049300.0,0.0643802,0.042920099999999996,0.0965703
2020-07-12,3285962,127651,43856533,52860.0,57829.9,698.571,807785.0,0.0732677,0.0715907,3.91877,2.61251,5.87816,0.9752629999999999,247294.0,164862.0,370940.0,3698560.0,2465700.0,5547830.0,0.0111444,0.007429600000000001,0.016716599999999998,21613500.0,14409000.0,32420300.0,0.0651254,0.0434169,0.097688
2020-07-13,3343037,127981,44604547,54156.0,60159.7,712.143,821978.0,0.07482899999999999,0.07318889999999999,3.85569,2.5704599999999997,5.78354,0.965448,244452.0,162968.0,366678.0,3716390.0,2477590.0,5574580.0,0.0111981,0.00746542,0.0167972,21858000.0,14572000.0,32787000.0,0.06586189999999999,0.043907999999999996,0.0987929
2020-07-14,3401683,128726,45452462,55667.0,61252.6,688.571,839029.0,0.0745838,0.0730041,3.87169,2.58113,5.80753,0.9565040000000001,241378.0,160919.0,362067.0,3725810.0,2483870.0,5588710.0,0.0112265,0.00748434,0.0168398,22099400.0,14732900.0,33149000.0,0.06658919999999999,0.0443928,0.0998839
2020-07-15,3470915,129585,46361844,56312.0,62177.0,694.429,857010.0,0.0740472,0.07255110000000001,3.89149,2.59433,5.83723,0.9487200000000001,238273.0,158848.0,357409.0,3726930.0,2484620.0,5590390.0,0.0112299,0.00748659,0.016844799999999997,22337600.0,14891800.0,33506400.0,0.0673072,0.044871499999999995,0.100961
2020-07-16,3541508,130525,47302924,57614.0,63807.6,705.143,874663.0,0.07452760000000001,0.0729511,3.8500199999999998,2.56668,5.77503,0.941408,235017.0,156678.0,352525.0,3719980.0,2479990.0,5579980.0,0.011209,0.00747264,0.016813400000000003,22572600.0,15048400.0,33859000.0,0.0680154,0.0453436,0.102023
2020-07-17,3617848,131467,48231575,57894.0,65148.3,720.429,875899.0,0.0759582,0.0743788,3.80955,2.5397,5.71433,0.933992,231087.0,154058.0,346631.0,3705410.0,2470270.0,5558120.0,0.0111651,0.00744337,0.0167476,22803700.0,15202500.0,34205600.0,0.0687117,0.0458078,0.103067
2020-07-18,3682607,132341,49084745,57822.0,65447.6,737.7139999999999,881346.0,0.07584310000000001,0.0742587,3.82934,2.5529,5.74401,0.9263399999999999,227134.0,151423.0,340701.0,3684360.0,2456240.0,5526540.0,0.011101600000000001,0.00740108,0.0166524,23030900.0,15353900.0,34546300.0,0.0693961,0.046264,0.104094
2020-07-19,3746896,132868,49876372,58052.0,65847.7,745.2860000000001,879294.0,0.0765692,0.074887,3.83647,2.55765,5.7547,0.918343,222631.0,148421.0,333946.0,3656370.0,2437580.0,5484550.0,0.011017299999999999,0.00734485,0.016525900000000003,23253500.0,15502300.0,34880200.0,0.0700669,0.046711300000000004,0.1051
2020-07-20,3803376,133243,50608926,58509.0,65762.7,751.7139999999999,878196.0,0.0766672,0.07488380000000001,3.86155,2.57436,5.79232,0.909744,217108.0,144738.0,325661.0,3620850.0,2413900.0,5431280.0,0.0109103,0.00727351,0.0163654,23470600.0,15647100.0,35205900.0,0.0707211,0.0471474,0.106082
2020-07-21,3866260,134289,51436428,59480.0,66368.1,794.7139999999999,875843.0,0.077637,0.0757763,3.82744,2.55163,5.74116,0.901482,211619.0,141080.0,317429.0,3578530.0,2385680.0,5367790.0,0.010782700000000001,0.00718849,0.0161741,23682200.0,15788100.0,35523300.0,0.0713587,0.047572500000000004,0.10703800000000001
2020-07-22,3935590,135431,52347369,59752.0,66382.1,835.143,877052.0,0.0776331,0.0756878,3.82366,2.5491099999999998,5.73549,0.894532,205664.0,137109.0,308496.0,3530170.0,2353450.0,5295260.0,0.010637,0.00709135,0.0159555,23887900.0,15925300.0,35831800.0,0.0719784,0.047985599999999996,0.10796800000000001
2020-07-23,4007040,136505,53269780,59854.0,66504.6,854.2860000000001,874923.0,0.07801960000000001,0.0760119,3.80447,2.53632,5.70671,0.889983,200026.0,133351.0,300039.0,3476370.0,2317580.0,5214560.0,0.010474899999999999,0.00698329,0.015712399999999998,24087900.0,16058600.0,36131900.0,0.07258110000000001,0.048387400000000004,0.108872
2020-07-24,4082128,137685,54275855,59808.0,66325.7,888.2860000000001,886422.0,0.07681310000000001,0.0748241,3.7976699999999997,2.53178,5.69651,0.889496,195166.0,130111.0,292749.0,3418520.0,2279020.0,5127790.0,0.0103006,0.00686708,0.015450899999999998,24283100.0,16188700.0,36424600.0,0.0731692,0.0487795,0.10975399999999999
2020-07-25,4146929,138694,55143534,59382.0,66331.7,907.571,889401.0,0.07663610000000001,0.0745802,3.7658199999999997,2.51054,5.6487300000000005,0.89304,191164.0,127442.0,286745.0,3357800.0,2238540.0,5036710.0,0.0101177,0.00674511,0.015176499999999999,24474200.0,16316200.0,36711400.0,0.0737452,0.0491635,0.11061800000000001
2020-07-26,4207541,139254,56000473,58731.0,65806.4,912.2860000000001,898391.0,0.07521839999999999,0.0732492,3.75789,2.50526,5.63684,0.900789,188446.0,125631.0,282669.0,3296460.0,2197640.0,4944690.0,0.00993281,0.00662187,0.014899200000000001,24662700.0,16441800.0,36994000.0,0.074313,0.049542,0.11147
2020-07-27,4262056,140317,56780608,58991.0,65525.7,1010.57,904729.0,0.0743201,0.0724258,3.73063,2.4870799999999997,5.595940000000001,0.911855,186694.0,124463.0,280041.0,3235860.0,2157240.0,4853790.0,0.00975021,0.00650014,0.014625299999999999,24849400.0,16566300.0,37274100.0,0.07487560000000001,0.049917,0.11231300000000001
2020-07-28,4320468,141442,57654231,57178.0,64886.9,1021.86,910962.0,0.0730496,0.071229,3.7199800000000005,2.4799900000000004,5.579969999999999,0.9246549999999999,185074.0,123383.0,277611.0,3176480.0,2117650.0,4764720.0,0.0095713,0.00638086,0.014356899999999999,25034500.0,16689600.0,37551700.0,0.0754332,0.0502888,0.11315
2020-07-29,4384535,142939,58561472,57427.0,64135.0,1072.57,908849.0,0.07224610000000001,0.0705672,3.7151699999999996,2.4767799999999998,5.57276,0.9362159999999999,184281.0,122854.0,276421.0,3119380.0,2079590.0,4679070.0,0.00939925,0.00626617,0.014098900000000001,25218700.0,16812500.0,37828100.0,0.0759885,0.050658999999999996,0.11398299999999999
2020-07-30,4453566,144184,59445874,56565.0,63789.4,1097.0,902872.0,0.0722991,0.0706517,3.6842599999999996,2.45617,5.52639,0.944592,183157.0,122105.0,274735.0,3064270.0,2042840.0,4596400.0,0.00923318,0.00615545,0.013849799999999999,25401900.0,16934600.0,38102800.0,0.0765404,0.0510269,0.114811
2020-07-31,4521307,145513,60433680,55700.0,62739.9,1118.29,899644.0,0.07132050000000001,0.06973860000000001,3.6832599999999998,2.45551,5.52489,0.9478850000000001,182083.0,121388.0,273124.0,3011330.0,2007560.0,4517000.0,0.00907368,0.00604912,0.0136105,25584000.0,17056000.0,38376000.0,0.077089,0.0513927,0.11563399999999999
2020-08-01,4581893,146711,61233651,54554.0,62137.7,1145.29,889052.0,0.07142130000000001,0.0698921,3.65533,2.43689,5.483,0.9459700000000001,179493.0,119662.0,269239.0,2959740.0,1973160.0,4439610.0,0.00891821,0.00594548,0.0133773,25763500.0,17175600.0,38645200.0,0.0776299,0.0517533,0.116445
2020-08-02,4635113,147205,62010266,54106.0,61081.7,1135.86,877285.0,0.0711459,0.0696258,3.6448,2.42987,5.46721,0.937773,175660.0,117106.0,263490.0,2908260.0,1938840.0,4362400.0,0.00876311,0.00584208,0.0131447,25939100.0,17292800.0,38908700.0,0.0781592,0.0521061,0.11723900000000001
2020-08-03,4677811,147722,62739760,53524.0,59393.6,1057.86,869797.0,0.0697675,0.0682844,3.65541,2.4369400000000003,5.48311,0.925235,171531.0,114354.0,257296.0,2857160.0,1904780.0,4285750.0,0.00860914,0.00573943,0.0129137,26110700.0,17407100.0,39166000.0,0.078676,0.052450699999999996,0.11801400000000001
2020-08-04,4729025,148966,63532022,53440.0,58365.3,1074.86,858322.0,0.0695086,0.0679993,3.6257699999999997,2.41718,5.43866,0.909797,167011.0,111340.0,250516.0,2807070.0,1871380.0,4210600.0,0.00845819,0.00563879,0.012687299999999999,26277700.0,17518400.0,39416500.0,0.0791793,0.0527862,0.118769
2020-08-05,4781635,150321,64351298,53444.0,56728.6,1054.57,846460.0,0.0685858,0.0670186,3.6254,2.4169400000000003,5.43811,0.894257,161480.0,107653.0,242219.0,2756930.0,1837950.0,4135390.0,0.00830711,0.00553807,0.012460700000000002,26439200.0,17626100.0,39658700.0,0.0796658,0.053110500000000005,0.119499
2020-08-06,4835604,151558,65201281,53221.0,54576.9,1053.43,841728.0,0.066379,0.0648391,3.6650400000000003,2.4433599999999998,5.49756,0.88071,156222.0,104148.0,234333.0,2707490.0,1804990.0,4061230.0,0.00815813,0.00543875,0.012237200000000002,26595400.0,17730200.0,39893100.0,0.0801365,0.053424400000000004,0.12020499999999999
2020-08-07,4896549,152889,66084076,51301.0,53606.0,1053.71,827278.0,0.0664099,0.06479800000000001,3.64075,2.4271599999999998,5.461119999999999,0.8713290000000001,150745.0,100497.0,226118.0,2658200.0,1772140.0,3987310.0,0.00800964,0.00533976,0.0120145,26746100.0,17830700.0,40119200.0,0.0805908,0.053727199999999996,0.120886
2020-08-08,4949998,153973,66855227,50071.0,52586.4,1037.43,823287.0,0.0654807,0.06387380000000001,3.6352300000000004,2.42348,5.45284,0.866823,146255.0,97503.2,219382.0,2609290.0,1739530.0,3913940.0,0.00786226,0.00524151,0.011793399999999999,26892400.0,17928200.0,40338600.0,0.0810315,0.054021000000000007,0.121547
2020-08-09,5000630,154588,67638163,48997.0,52216.7,1054.71,824741.0,0.0649474,0.0633128,3.60892,2.40595,5.41338,0.8690700000000001,142678.0,95118.5,214017.0,2560810.0,1707210.0,3841210.0,0.00771616,0.00514411,0.0115742,27035000.0,18023400.0,40552600.0,0.08146139999999999,0.054307600000000004,0.12219200000000001
2020-08-10,5041934,155018,68399414,48761.0,52017.6,1042.29,830999.0,0.0643366,0.06259640000000001,3.58906,2.3927099999999997,5.38359,0.876616,139703.0,93135.6,209555.0,2512070.0,1674710.0,3768100.0,0.00756929,0.0050462,0.0113539,27174800.0,18116500.0,40762100.0,0.08188229999999999,0.054588199999999996,0.122823
2020-08-11,5096892,156348,69231965,48620.0,52552.4,1054.57,836843.0,0.06453869999999999,0.06279850000000001,3.5217,2.3478,5.28255,0.888331,137522.0,91681.6,206284.0,2462890.0,1641930.0,3694340.0,0.00742113,0.00494742,0.011131700000000001,27312300.0,18208200.0,40968400.0,0.0822967,0.0548645,0.123445
2020-08-12,5153009,157861,69817162,48046.0,53053.4,1077.14,830537.0,0.0679442,0.06387849999999999,3.47349,2.31566,5.21024,0.903407,136059.0,90706.0,204088.0,2413880.0,1609250.0,3620820.0,0.00727344,0.00484896,0.0109102,27448300.0,18298900.0,41172500.0,0.0827067,0.05513780000000001,0.12405999999999999
2020-08-13,5204749,159025,70752283,47322.0,52735.0,1066.71,841510.0,0.0665006,0.06266709999999999,3.47315,2.31544,5.20973,0.919693,135019.0,90012.4,202528.0,2364620.0,1576410.0,3546920.0,0.00712501,0.00475,0.0106875,27583400.0,18388900.0,41375000.0,0.08311349999999999,0.055409,0.12467
2020-08-14,5261851,160245,71719307,45860.0,52186.0,1050.86,852815.0,0.0648247,0.0611927,3.4891099999999997,2.32607,5.2336599999999995,0.9352239999999999,134141.0,89427.6,201212.0,2315600.0,1543730.0,3473400.0,0.00697731,0.00465154,0.010466,27717500.0,18478300.0,41576200.0,0.0835177,0.0556785,0.125277
2020-08-15,5317944,161471,72599010,44922.0,52563.7,1071.14,867973.0,0.0640599,0.0605592,3.41477,2.27651,5.12215,0.949391,133861.0,89240.6,200791.0,2267380.0,1511590.0,3401070.0,0.00683201,0.00455468,0.010248,27851400.0,18567600.0,41777000.0,0.08392100000000001,0.0559474,0.125882
2020-08-16,5360249,162089,73353704,44155.0,51374.1,1071.57,862677.0,0.0629195,0.059552,3.4192199999999997,2.27948,5.12884,0.961125,133163.0,88775.4,199745.0,2221050.0,1480700.0,3331570.0,0.00669241,0.00446161,0.010038600000000002,27984500.0,18656300.0,41976800.0,0.0843223,0.0562149,0.12648299999999998
2020-08-17,5397919,162498,74068792,43596.0,50855.0,1068.57,854235.0,0.06279080000000001,0.0595328,3.3729400000000003,2.24863,5.05941,0.9695020000000001,132503.0,88335.4,198755.0,2177890.0,1451930.0,3266840.0,0.00656237,0.00437492,0.00984356,28117000.0,18744700.0,42175500.0,0.0847215,0.056480999999999996,0.127082
2020-08-18,5437976,163686,74830928,43848.0,48726.3,1048.29,843780.0,0.060919100000000004,0.0577476,3.42752,2.2850200000000003,5.141290000000001,0.975469,132247.0,88164.5,198370.0,2138610.0,1425740.0,3207910.0,0.006444,0.004296,0.00966601,28249300.0,18832800.0,42373900.0,0.08512,0.0567467,0.12768
2020-08-19,5482965,165099,75661789,43395.0,47136.6,1034.0,853778.0,0.056454599999999994,0.055209400000000006,3.4257800000000005,2.28385,5.138669999999999,0.977031,132091.0,88061.0,198137.0,2103690.0,1402460.0,3155530.0,0.00633879,0.00422586,0.00950818,28381400.0,18920900.0,42572000.0,0.085518,0.057012,0.128277
2020-08-20,5526869,166221,76503846,42081.0,46017.1,1028.0,842860.0,0.0560056,0.0545964,3.39486,2.26324,5.09229,0.9747459999999999,131426.0,87617.1,197139.0,2073640.0,1382420.0,3110450.0,0.00624823,0.00416549,0.00937234,28512800.0,19008500.0,42769200.0,0.085914,0.057276,0.128871
2020-08-21,5573251,167338,77399030,41047.0,44485.7,1013.29,833194.0,0.054826599999999996,0.0533918,3.3886199999999995,2.25908,5.08294,0.968541,130758.0,87172.2,196138.0,2048170.0,1365450.0,3072260.0,0.006171500000000001,0.00411434,0.00925726,28643500.0,19095700.0,42965300.0,0.08630800000000001,0.05753869999999999,0.129462
2020-08-22,5619298,168374,78271133,40017.0,43050.6,986.143,834079.0,0.053128999999999996,0.0516145,3.3972800000000003,2.26485,5.09592,0.9580270000000001,128411.0,85607.1,192616.0,2025840.0,1350560.0,3038760.0,0.00610421,0.00406947,0.00915631,28772000.0,19181300.0,43157900.0,0.08669500000000001,0.057796600000000004,0.13004200000000002
2020-08-23,5657112,168948,78973938,39064.0,42409.0,979.857,830969.0,0.0528204,0.0510356,3.3643300000000003,2.24288,5.04649,0.943031,125939.0,83959.5,188909.0,2005520.0,1337010.0,3008280.0,0.00604299,0.00402866,0.00906449,28897900.0,19265300.0,43346800.0,0.0870744,0.0580496,0.13061199999999998
2020-08-24,5691613,169292,79710369,38776.0,41956.3,970.571,835007.0,0.05205880000000001,0.0502467,3.32974,2.21983,4.99461,0.9268799999999999,122902.0,81934.7,184353.0,1985750.0,1323830.0,2978620.0,0.0059834,0.00398894,0.00897511,29020800.0,19347200.0,43531200.0,0.0874448,0.0582965,0.131167
2020-08-25,5728417,170437,80429533,38842.0,41491.6,964.429,829025.0,0.0518774,0.0500486,3.3144699999999996,2.20965,4.9717,0.909826,119055.0,79369.9,178582.0,1965100.0,1310070.0,2947650.0,0.00592119,0.00394746,0.00888178,29139900.0,19426600.0,43709800.0,0.08780349999999999,0.058535699999999996,0.131705
2020-08-26,5772651,171734,81190318,38501.0,41383.7,947.857,817813.0,0.052398400000000005,0.0506029,3.2877400000000003,2.19183,4.93161,0.8967379999999999,115034.0,76689.5,172551.0,1942610.0,1295070.0,2913910.0,0.00585342,0.00390228,0.00878014,29254900.0,19503300.0,43882300.0,0.08815010000000001,0.0587668,0.132225
2020-08-27,5816719,172862,82082406,37529.0,41407.1,948.7139999999999,823762.0,0.05195790000000001,0.0502659,3.26076,2.17384,4.89114,0.8906879999999999,111556.0,74371.0,167335.0,1918110.0,1278740.0,2877160.0,0.00577959,0.00385306,0.00866939,29366400.0,19577600.0,44049700.0,0.0884863,0.0589908,0.13272899999999999
2020-08-28,5862896,173886,82984715,37351.0,41377.9,935.429,824629.0,0.051854899999999995,0.0501776,3.24186,2.1612400000000003,4.8628,0.894051,108631.0,72420.8,162947.0,1891720.0,1261150.0,2837580.0,0.00570008,0.00380006,0.00855013,29475100.0,19650000.0,44212600.0,0.0888136,0.0592091,0.13322
2020-08-29,5906793,174901,83867219,36516.0,41070.7,932.429,824984.0,0.051374300000000005,0.049783600000000004,3.25928,2.17285,4.88892,0.9076360000000001,107846.0,71897.4,161769.0,1865420.0,1243620.0,2798140.0,0.00562085,0.00374723,0.00843128,29582900.0,19721900.0,44374400.0,0.0891385,0.0594257,0.133708
2020-08-30,5945558,175375,84692078,35801.0,41206.6,918.143,838817.0,0.050444,0.0491246,3.2316,2.1544,4.8474,0.931802,108335.0,72223.2,162502.0,1839900.0,1226600.0,2759850.0,0.00554394,0.00369596,0.00831591,29691300.0,19794200.0,44536900.0,0.089465,0.059643299999999996,0.134197
2020-08-31,5977153,175752,85405143,35423.0,40791.4,922.857,835015.0,0.050140699999999996,0.048851099999999995,3.24831,2.16554,4.87246,0.9615290000000001,109739.0,73159.6,164609.0,1816470.0,1210980.0,2724710.0,0.00547336,0.00364891,0.00821004,29801000.0,19867300.0,44701500.0,0.0897956,0.0598638,0.134693
2020-09-01,6019419,176771,86216032,35334.0,41571.7,904.857,851986.0,0.0502898,0.0487939,3.1811700000000003,2.12078,4.77176,0.9946200000000001,111664.0,74442.6,167496.0,1795640.0,1197090.0,2693450.0,0.00541057,0.00360704,0.00811585,29912700.0,19941800.0,44869000.0,0.0901321,0.0600881,0.135198
2020-09-02,6049927,177803,86997210,35667.0,40719.0,867.0,854637.0,0.0490853,0.0476448,3.24398,2.16265,4.86597,1.0273299999999999,113944.0,75962.8,170916.0,1777330.0,1184890.0,2666000.0,0.00535542,0.00357028,0.00803312,30026600.0,20017700.0,45039900.0,0.09047539999999998,0.060316999999999996,0.135713
2020-09-03,6094659,178874,87892141,34747.0,40813.9,858.857,855338.0,0.0491756,0.0477166,3.22012,2.14675,4.83019,1.05512,116133.0,77422.0,174200.0,1761370.0,1174250.0,2642060.0,0.00530733,0.00353822,0.007961,30142700.0,20095200.0,45214100.0,0.09082539999999999,0.0605502,0.136238
2020-09-04,6146219,179876,88972919,34191.0,41582.9,855.7139999999999,881053.0,0.0486089,0.047196800000000004,3.14453,2.09635,4.7167900000000005,1.07535,118540.0,79026.7,177810.0,1748490.0,1165660.0,2622730.0,0.005268500000000001,0.00351234,0.00790276,30261300.0,20174200.0,45391900.0,0.0911826,0.0607884,0.136774
2020-09-05,6191010,180802,89917657,33626.0,41710.6,843.0,890124.0,0.04825669999999999,0.0468593,3.07861,2.05241,4.61792,1.08839,121423.0,80948.4,182134.0,1739150.0,1159440.0,2608730.0,0.00524037,0.00349358,0.00786056,30382700.0,20255100.0,45574000.0,0.09154839999999999,0.0610323,0.137323
2020-09-06,6223936,181250,90668861,32497.0,40876.4,839.2860000000001,880242.0,0.047874400000000004,0.0464377,3.08098,2.05398,4.62146,1.09386,123334.0,82222.4,185000.0,1734080.0,1156050.0,2601110.0,0.00522508,0.00348338,0.00783761,30506000.0,20337400.0,45759000.0,0.09192,0.061279999999999994,0.13788
2020-09-07,6251983,181477,91310697,32116.0,40369.6,817.857,871012.0,0.047851099999999994,0.046347900000000004,3.04442,2.02961,4.56663,1.09398,124834.0,83223.0,187252.0,1732970.0,1155310.0,2599460.0,0.00522175,0.00348116,0.00783262,30630900.0,20420600.0,45946300.0,0.0922962,0.0615308,0.138444
2020-09-08,6274281,181827,91886197,32345.0,37517.0,722.2860000000001,833523.0,0.0463159,0.0450101,3.1733599999999997,2.11557,4.76004,1.09028,126844.0,84562.9,190266.0,1736910.0,1157940.0,2605370.0,0.00523363,0.00348908,0.00785044,30757700.0,20505100.0,46136600.0,0.0926784,0.061785599999999996,0.139018
2020-09-09,6304897,182919,92616728,32647.0,36424.3,730.857,825831.0,0.0453722,0.0441062,3.15817,2.10545,4.73726,1.08132,128877.0,85917.8,193315.0,1746730.0,1164490.0,2620100.0,0.00526322,0.00350881,0.00789483,30886600.0,20591100.0,46329900.0,0.09306669999999999,0.0620445,0.1396
2020-09-10,6342307,184075,93419981,32536.0,35378.3,743.0,812829.0,0.044800099999999995,0.043524900000000005,3.15325,2.10216,4.72987,1.0694299999999999,130857.0,87238.0,196285.0,1762560.0,1175040.0,2643840.0,0.0053108999999999995,0.0035406,0.00796635,31017400.0,20678300.0,46526200.0,0.093461,0.062307299999999996,0.140192
2020-09-11,6386983,185089,94341805,31529.0,34394.9,744.7139999999999,790579.0,0.044844300000000004,0.0435059,3.15836,2.10557,4.7375300000000005,1.05587,131754.0,87836.1,197631.0,1782760.0,1188500.0,2674130.0,0.00537176,0.00358117,0.00805763,31149200.0,20766100.0,46723800.0,0.09385800000000001,0.062572,0.140787
2020-09-12,6428858,185910,95319367,30758.0,33978.3,729.7139999999999,795899.0,0.044032,0.0426917,3.17397,2.11598,4.76096,1.03888,130297.0,86864.9,195446.0,1804420.0,1202950.0,2706630.0,0.00543704,0.00362469,0.00815556,31279500.0,20853000.0,46919200.0,0.0942506,0.06283380000000001,0.141376
2020-09-13,6463300,186300,96079857,29921.0,34194.9,721.429,797033.0,0.0442366,0.0429027,3.16816,2.11211,4.7522400000000005,1.0201200000000001,129541.0,86360.5,194311.0,1826120.0,1217410.0,2739170.0,0.00550241,0.00366827,0.00825361,31409000.0,20939400.0,47113600.0,0.094641,0.06309400000000001,0.141961
2020-09-14,6496804,186705,96925462,30045.0,34974.4,746.857,827071.0,0.0436031,0.0422871,3.1377,2.0918,4.70656,1.0029299999999999,128963.0,85975.3,193444.0,1846740.0,1231160.0,2770120.0,0.00556457,0.00370971,0.00834685,31538000.0,21025300.0,47307000.0,0.09502949999999999,0.06335299999999999,0.142544
2020-09-15,6531560,187745,97757211,30447.0,36754.1,845.429,867226.0,0.0438219,0.042381300000000004,3.0381299999999998,2.02542,4.55719,0.987246,127363.0,84908.5,191044.0,1864370.0,1242910.0,2796550.0,0.00561767,0.00374511,0.0084265,31665400.0,21110200.0,47498000.0,0.0954133,0.06360890000000001,0.14312
2020-09-16,6571832,188929,98582336,30362.0,38133.6,858.571,883042.0,0.044745599999999996,0.0431843,2.9880299999999997,1.9920200000000001,4.4820400000000005,0.976397,125938.0,83958.4,188907.0,1878640.0,1252430.0,2817960.0,0.00566068,0.00377379,0.00849102,31791300.0,21194200.0,47686900.0,0.0957928,0.0638619,0.143689
2020-09-17,6615219,189807,99551146,30007.0,38987.4,818.857,907609.0,0.044512300000000005,0.04295619999999999,2.97873,1.9858200000000001,4.4681,0.971191,124743.0,83162.0,187115.0,1889440.0,1259630.0,2834160.0,0.00569322,0.00379548,0.00853983,31916000.0,21277400.0,47874100.0,0.0961687,0.0641124,0.144253
2020-09-18,6662536,190708,100612221,29652.0,39364.7,802.7139999999999,929061.0,0.0439449,0.0423704,3.01133,2.00755,4.51699,0.971692,124166.0,82777.3,186249.0,1897470.0,1264980.0,2846210.0,0.00571742,0.00381161,0.00857613,32040200.0,21360100.0,48060300.0,0.0965428,0.0643619,0.144814
2020-09-19,6707920,191459,101729542,29185.0,39866.0,792.7139999999999,950028.0,0.043534199999999995,0.041963,3.04577,2.03051,4.56865,0.979726,124813.0,83208.6,187219.0,1903750.0,1269160.0,2855620.0,0.00573632,0.00382422,0.00860448,32165000.0,21443300.0,48247500.0,0.0969189,0.06461259999999999,0.145378
2020-09-20,6743362,191783,102699061,28724.0,40008.9,783.2860000000001,981727.0,0.0423105,0.040753500000000005,3.0826599999999997,2.0551,4.62399,0.993215,125429.0,83619.2,188143.0,1907750.0,1271830.0,2861630.0,0.00574839,0.00383226,0.00862259,32290400.0,21527000.0,48435700.0,0.0972968,0.06486449999999999,0.145945
2020-09-21,6782473,192066,103459860,28873.0,40809.9,765.857,970333.0,0.0437177,0.042057599999999994,3.05893,2.0392900000000003,4.58839,1.00842,126463.0,84309.0,189695.0,1910880.0,1273920.0,2866320.0,0.00575782,0.00383855,0.00863674,32416900.0,21611300.0,48625400.0,0.0976779,0.0651186,0.146517
2020-09-22,6831499,192925,104344920,29658.0,42848.4,740.0,976992.0,0.0455301,0.0438575,2.9603,1.97353,4.44045,1.0260200000000002,128428.0,85618.4,192641.0,1914480.0,1276320.0,2871710.0,0.00576865,0.00384577,0.00865298,32545300.0,21696900.0,48818000.0,0.09806480000000001,0.06537659999999999,0.147097
2020-09-23,6870787,194084,105356050,30021.0,42707.9,736.429,1004400.0,0.0441346,0.0425207,3.01763,2.0117599999999998,4.52645,1.04474,130409.0,86939.1,195613.0,1918040.0,1278690.0,2877060.0,0.00577939,0.00385293,0.00866909,32675700.0,21783800.0,49013600.0,0.0984578,0.0656385,0.14768699999999998
2020-09-24,6914220,195017,106344649,30158.0,42714.4,744.2860000000001,1008880.0,0.044012800000000005,0.0423383,3.06353,2.04235,4.5953,1.06223,132775.0,88517.0,199163.0,1921940.0,1281290.0,2882910.0,0.00579114,0.00386076,0.00868671,32808500.0,21872300.0,49212800.0,0.0988579,0.0659052,0.148287
2020-09-25,6969465,195866,107471898,29900.0,43847.0,736.857,1020220.0,0.0447439,0.0429781,3.00486,2.0032400000000004,4.50729,1.07816,135677.0,90451.5,203516.0,1926760.0,1284510.0,2890140.0,0.00580566,0.00387044,0.0087085,32944200.0,21962800.0,49416300.0,0.09926669999999999,0.06617780000000001,0.1489
2020-09-26,7016472,196740,108572456,29670.0,44078.9,754.429,1018480.0,0.0450907,0.0432792,2.95601,1.9706700000000001,4.43401,1.0913700000000002,138966.0,92643.8,208449.0,1933970.0,1289310.0,2900960.0,0.00582739,0.00388493,0.00874109,33083200.0,22055400.0,49624800.0,0.0996854,0.0664569,0.149528
2020-09-27,7051372,197047,109480896,29579.0,44001.4,752.0,1010170.0,0.0454169,0.0435583,2.94401,1.96268,4.41602,1.10144,142199.0,94799.0,213298.0,1945870.0,1297250.0,2918810.0,0.00586325,0.00390884,0.00879488,33225400.0,22150200.0,49838000.0,0.100114,0.0667426,0.150171
2020-09-28,7086623,197292,110505971,29688.0,43450.0,746.571,1048360.0,0.0431657,0.0414456,2.96808,1.97872,4.45211,1.10847,145497.0,96997.7,218245.0,1961830.0,1307880.0,2942740.0,0.00591133,0.00394089,0.008867,33370900.0,22247200.0,50056300.0,0.100552,0.0670349,0.150828
2020-09-29,7123417,198024,111474798,30583.0,41702.6,728.429,1060640.0,0.040942900000000004,0.0393184,3.0540700000000003,2.03605,4.58111,1.11232,148974.0,99316.2,223461.0,1981840.0,1321230.0,2972760.0,0.00597163,0.00398109,0.00895744,33519800.0,22346600.0,50279800.0,0.101001,0.0673341,0.151502
2020-09-30,7168137,199084,112425010,31018.0,42478.6,714.2860000000001,1052930.0,0.0420642,0.040343199999999996,2.96473,1.97649,4.4471,1.11354,152070.0,101380.0,228104.0,2006550.0,1337700.0,3009820.0,0.00604608,0.00403072,0.00906911,33671900.0,22447900.0,50507900.0,0.10145900000000001,0.06763960000000001,0.15218900000000002
2020-10-01,7213890,199943,113451206,30951.0,42810.0,703.7139999999999,1058750.0,0.0421681,0.0404346,2.91388,1.94258,4.37081,1.11329,154662.0,103108.0,231992.0,2035270.0,1356850.0,3052900.0,0.00613263,0.00408842,0.00919894,33826600.0,22551000.0,50739900.0,0.101925,0.0679503,0.15288800000000002
2020-10-02,7263167,200787,114676209,30877.0,41957.4,703.0,1072660.0,0.0407675,0.0391154,2.95933,1.9728900000000003,4.439,1.11192,157650.0,105100.0,236476.0,2068180.0,1378780.0,3102270.0,0.00623178,0.00415452,0.00934767,33984200.0,22656100.0,50976300.0,0.1024,0.068267,0.153601
2020-10-03,7313990,201530,115741453,30209.0,42502.6,684.2860000000001,1068540.0,0.0415006,0.039776099999999995,2.9366,1.95773,4.40489,1.11056,161129.0,107419.0,241693.0,2105140.0,1403430.0,3157710.0,0.00634316,0.00422877,0.00951473,34145300.0,22763600.0,51218000.0,0.10288599999999999,0.0685906,0.154329
2020-10-04,7351991,201903,116737994,30063.0,42945.6,693.7139999999999,1084560.0,0.0414241,0.0395971,2.92064,1.9471,4.38097,1.1115,164688.0,109792.0,247032.0,2145010.0,1430010.0,3217520.0,0.00646331,0.00430887,0.00969496,34310000.0,22873400.0,51465100.0,0.10338199999999999,0.0689215,0.155073
2020-10-05,7389695,202233,117719386,31434.0,43296.0,705.857,1079480.0,0.0420151,0.040108099999999994,2.9209,1.94727,4.38136,1.1160700000000001,168200.0,112134.0,252300.0,2187790.0,1458520.0,3281680.0,0.00659218,0.00439479,0.00988828,34478200.0,22985500.0,51717400.0,0.10388900000000001,0.06925930000000001,0.155833
2020-10-06,7428462,202855,118657590,32720.0,43577.9,690.143,1076280.0,0.042468900000000004,0.0404892,2.94708,1.96472,4.42063,1.1228799999999999,172056.0,114704.0,258084.0,2233380.0,1488920.0,3350070.0,0.00672956,0.00448637,0.0100943,34650300.0,23100200.0,51975400.0,0.104407,0.069605,0.156611
2020-10-07,7479569,203777,119697456,33584.0,44490.3,670.429,1090460.0,0.042823599999999996,0.0407995,2.9311700000000003,1.9541099999999998,4.39676,1.13117,177745.0,118497.0,266617.0,2282700.0,1521800.0,3424040.0,0.00687816,0.00458544,0.0103172,34828000.0,23218700.0,52242100.0,0.10494300000000001,0.069962,0.157415
2020-10-08,7534951,204765,120900569,34446.0,45865.9,688.857,1117970.0,0.0430991,0.041026,2.89486,1.9299099999999998,4.3423,1.14104,184482.0,122988.0,276724.0,2336770.0,1557850.0,3505150.0,0.0070411,0.00469407,0.010561599999999999,35012500.0,23341700.0,52518800.0,0.105499,0.07033260000000001,0.158248
2020-10-09,7591754,205670,122141962,34989.0,46941.0,697.571,1122710.0,0.0440126,0.041810599999999996,2.89038,1.92692,4.33557,1.15069,190434.0,126956.0,285651.0,2394430.0,1596290.0,3591640.0,0.00721483,0.00480989,0.0108222,35203000.0,23468600.0,52804400.0,0.106073,0.0707151,0.159109
2020-10-10,7649262,206360,123384116,34700.0,47896.0,690.0,1150580.0,0.0438685,0.0416277,2.90141,1.9342700000000002,4.35211,1.1583700000000001,196022.0,130681.0,294033.0,2454770.0,1636510.0,3682160.0,0.00739666,0.00493111,0.011095,35399000.0,23599300.0,53098500.0,0.10666300000000001,0.07110889999999999,0.159995
2020-10-11,7695756,206829,124443163,34609.0,49109.3,703.7139999999999,1158980.0,0.0446149,0.0423728,2.89555,1.9303700000000001,4.34333,1.1626100000000001,202094.0,134729.0,303140.0,2517900.0,1678600.0,3776850.0,0.00758688,0.00505792,0.0113803,35601100.0,23734000.0,53401600.0,0.107272,0.07151489999999999,0.160908
2020-10-12,7738784,207114,125462549,35156.0,49869.9,697.2860000000001,1166430.0,0.0450835,0.0427542,2.91752,1.94502,4.37629,1.1673200000000001,208604.0,139069.0,312906.0,2584310.0,1722870.0,3876460.0,0.00778697,0.00519131,0.0116805,35809700.0,23873100.0,53714500.0,0.107901,0.0719339,0.161851
2020-10-13,7785714,207838,126550955,36161.0,51036.0,711.857,1189540.0,0.0452598,0.0429038,2.9189999999999996,1.946,4.3785099999999995,1.1736,215154.0,143436.0,322732.0,2653960.0,1769310.0,3980950.0,0.00799686,0.00533124,0.011995299999999999,36024800.0,24016600.0,54037200.0,0.108549,0.0723661,0.162824
2020-10-14,7842818,208636,127631482,37176.0,51892.7,694.143,1197540.0,0.0457837,0.043332800000000005,2.93046,1.95364,4.39569,1.18154,220356.0,146904.0,330534.0,2725350.0,1816900.0,4088020.0,0.00821195,0.00547463,0.0123179,36245200.0,24163500.0,54367800.0,0.109213,0.0728087,0.16382
2020-10-15,7906236,209564,128788670,37420.0,53040.7,685.571,1190870.0,0.047069,0.0445396,2.9159,1.9439400000000002,4.37386,1.19145,230904.0,153936.0,346357.0,2804180.0,1869450.0,4206270.0,0.00844949,0.00563299,0.0126742,36476100.0,24317400.0,54714100.0,0.10990899999999999,0.07327260000000001,0.164863
2020-10-16,7974596,210458,130009921,37470.0,54691.7,684.0,1183350.0,0.0486584,0.0462178,2.88253,1.9216799999999998,4.32379,1.20632,242567.0,161711.0,363851.0,2892090.0,1928060.0,4338130.0,0.00871436,0.00580958,0.0130715,36718700.0,24479100.0,55078000.0,0.11064,0.07375989999999999,0.16596
2020-10-17,8032012,211235,131326165,37474.0,54678.6,696.429,1190800.0,0.048192900000000004,0.045917599999999996,2.9468400000000003,1.9645599999999999,4.42025,1.22306,254705.0,169803.0,382058.0,2989140.0,1992760.0,4483710.0,0.00900681,0.00600454,0.0135102,36973400.0,24648900.0,55460000.0,0.11140699999999999,0.0742715,0.16711099999999998
2020-10-18,8079649,211637,132364552,36536.0,54841.9,686.857,1185120.0,0.04846280000000001,0.046275199999999996,3.00296,2.00197,4.50443,1.2423799999999998,267638.0,178425.0,401456.0,3095650.0,2063770.0,4643470.0,0.00932774,0.00621849,0.0139916,37241000.0,24827300.0,55861500.0,0.11221400000000001,0.0748091,0.168321
2020-10-19,8137166,212088,133473371,37954.0,56911.7,710.571,1194860.0,0.049730500000000004,0.0476305,2.95546,1.9703099999999998,4.43319,1.25413,281543.0,187696.0,422315.0,3212500.0,2141670.0,4818760.0,0.00967984,0.00645323,0.014519799999999998,37522500.0,25015000.0,56283800.0,0.113062,0.07537469999999999,0.169593
2020-10-20,8197573,212918,134475114,39406.0,58837.0,725.7139999999999,1180570.0,0.051975099999999996,0.049838,2.92428,1.9495200000000001,4.386419999999999,1.2585,296361.0,197574.0,444542.0,3340670.0,2227110.0,5011000.0,0.010066,0.00671068,0.015099000000000001,37818900.0,25212600.0,56728400.0,0.113955,0.07597000000000001,0.170933
2020-10-21,8258977,213943,135493372,40397.0,59451.3,758.143,1165970.0,0.0529337,0.050988599999999995,2.98976,1.99317,4.48464,1.25654,313487.0,208991.0,470231.0,3482100.0,2321400.0,5223150.0,0.010492200000000002,0.00699478,0.015738299999999997,38132400.0,25421600.0,57198600.0,0.1149,0.07659969999999999,0.172349
2020-10-22,8332174,215069,136772437,41125.0,60848.3,786.429,1180360.0,0.0533505,0.0515507,3.0318400000000003,2.02123,4.54776,1.24817,320977.0,213985.0,481466.0,3625330.0,2416890.0,5437990.0,0.0109238,0.0072825,0.0163856,38453400.0,25635600.0,57680000.0,0.11586700000000001,0.07724450000000001,0.1738
2020-10-23,8414650,216010,138177010,41617.0,62864.9,793.143,1210650.0,0.053881399999999996,0.0519265,3.02926,2.01951,4.54389,1.23115,329423.0,219615.0,494134.0,3770270.0,2513510.0,5655400.0,0.0113605,0.00757366,0.017040700000000002,38782800.0,25855200.0,58174200.0,0.11685899999999999,0.0779063,0.175289
2020-10-24,8497998,216907,139489393,42087.0,66569.4,810.2860000000001,1212950.0,0.0570835,0.054882400000000005,2.94463,1.96308,4.41694,1.21525,339907.0,226605.0,509860.0,3919740.0,2613160.0,5879610.0,0.0118109,0.00787392,0.017716299999999997,39122700.0,26081800.0,58684000.0,0.11788399999999999,0.07858910000000001,0.176825
2020-10-25,8562162,217294,140671612,41883.0,68930.4,808.143,1236570.0,0.058084699999999996,0.0557434,2.93185,1.9545700000000001,4.3977699999999995,1.19923,351292.0,234195.0,526938.0,4075010.0,2716680.0,6112520.0,0.0122787,0.00818582,0.0184181,39474000.0,26316000.0,59211000.0,0.118942,0.0792947,0.17841300000000002
2020-10-26,8625286,217693,141866304,43005.0,69731.4,800.7139999999999,1251440.0,0.0581585,0.05572080000000001,2.99153,1.99436,4.4873,1.1899899999999999,363174.0,242116.0,544761.0,4236090.0,2824060.0,6354140.0,0.0127641,0.008509399999999999,0.0191461,39837200.0,26558100.0,59755700.0,0.12003599999999999,0.0800243,0.180055
2020-10-27,8697144,218622,142976810,44392.0,71367.3,814.857,1267990.0,0.0587613,0.0562836,3.01475,2.00983,4.52212,1.18648,376244.0,250829.0,564365.0,4403730.0,2935820.0,6605600.0,0.0132692,0.00884615,0.0199038,40213400.0,26808900.0,60320100.0,0.12117,0.08078010000000001,0.181755
2020-10-28,8776543,219667,144142775,45205.0,73938.0,817.7139999999999,1293060.0,0.059838300000000004,0.0571808,2.98028,1.98685,4.47042,1.1868100000000001,388800.0,259200.0,583200.0,4577380.0,3051590.0,6866070.0,0.0137924,0.00919496,0.0206887,40602200.0,27068100.0,60903300.0,0.122342,0.08156110000000001,0.18351199999999998
2020-10-29,8865630,220722,145506592,46220.0,76208.0,807.571,1307370.0,0.061077,0.058290999999999996,3.02992,2.01995,4.5448900000000005,1.1896,406362.0,270908.0,609542.0,4763380.0,3175590.0,7145080.0,0.0143529,0.00956861,0.0215294,41008600.0,27339000.0,61512800.0,0.12356600000000001,0.08237739999999999,0.185349
2020-10-30,8963181,221669,146901954,46856.0,78361.6,808.429,1306190.0,0.0628693,0.0599923,3.0954900000000003,2.06366,4.64323,1.19553,423766.0,282511.0,635649.0,4956250.0,3304160.0,7434370.0,0.014934000000000001,0.00995603,0.0224011,41432300.0,27621600.0,62148500.0,0.12484300000000001,0.0832286,0.187264
2020-10-31,9054023,222639,148329033,47486.0,79432.1,818.857,1322760.0,0.06290130000000001,0.0600503,3.20657,2.1377200000000003,4.80986,1.19603,439289.0,292859.0,658933.0,5152970.0,3435310.0,7729450.0,0.0155268,0.0103512,0.0232902,41871600.0,27914400.0,62807400.0,0.126167,0.084111,0.18925
2020-11-01,9195589,223037,149438954,47615.0,90489.6,820.429,1311970.0,0.07224850000000001,0.06897239999999999,2.9576599999999997,1.9717799999999999,4.43649,1.1917200000000001,453332.0,302221.0,679998.0,5351590.0,3567730.0,8027390.0,0.0161253,0.010750200000000001,0.024187900000000002,42325000.0,28216600.0,63487400.0,0.12753299999999998,0.08502169999999999,0.191299
2020-11-02,9278657,223511,150729202,48773.0,93338.7,831.143,1325250.0,0.0737198,0.070431,3.0163599999999997,2.01091,4.52454,1.18202,466554.0,311036.0,699831.0,5550510.0,3700340.0,8325760.0,0.016724700000000002,0.0111498,0.025087,42791500.0,28527700.0,64187300.0,0.128938,0.08595889999999999,0.193408
2020-11-03,9368025,225036,151948471,50512.0,95840.1,916.2860000000001,1341220.0,0.0747778,0.0714577,3.09225,2.0615,4.63837,1.16772,477758.0,318505.0,716637.0,5746720.0,3831150.0,8620090.0,0.017315900000000002,0.0115439,0.0259738,43269300.0,28846200.0,64903900.0,0.130378,0.0869186,0.19556700000000002
2020-11-04,9472627,226162,153226594,52166.0,99440.6,927.857,1357700.0,0.076629,0.07324169999999999,3.15251,2.10167,4.72876,1.14994,487352.0,324902.0,731028.0,5937720.0,3958480.0,8906570.0,0.017891400000000002,0.011927600000000002,0.0268371,43756600.0,29171100.0,65634900.0,0.131846,0.0878976,0.19777
2020-11-05,9590809,227317,154837303,53465.0,103597.0,942.143,1375880.0,0.0777196,0.0752952,3.09833,2.06555,4.64749,1.13063,495358.0,330239.0,743037.0,6119590.0,4079720.0,9179380.0,0.0184394,0.0122929,0.027659100000000002,44252000.0,29501300.0,66378000.0,0.133339,0.0888927,0.200008
2020-11-06,9719103,228503,156456010,54949.0,107989.0,976.2860000000001,1408360.0,0.07912050000000001,0.07667689999999999,3.05052,2.03368,4.57578,1.1089799999999999,501475.0,334316.0,752212.0,6300080.0,4200060.0,9450130.0,0.0189833,0.0126555,0.0284749,44753400.0,29835600.0,67130200.0,0.13485,0.0899,0.202275
2020-11-07,9850352,229635,157904049,56037.0,113761.0,999.429,1430300.0,0.0831674,0.07953660000000001,2.9879,1.99193,4.48184,1.08809,506281.0,337521.0,759422.0,6476940.0,4317960.0,9715410.0,0.0195162,0.013010800000000001,0.0292743,45259700.0,30173200.0,67889600.0,0.136376,0.090917,0.20456300000000002
2020-11-08,9962012,230136,159122816,56942.0,109489.0,1014.14,1446330.0,0.07914439999999999,0.07570139999999999,3.20847,2.13898,4.8127,1.06818,511052.0,340702.0,766578.0,6648090.0,4432060.0,9972130.0,0.020031900000000002,0.0133546,0.0300478,45770800.0,30513900.0,68656200.0,0.137915,0.0919436,0.206873
2020-11-09,10079597,230716,160569100,59394.0,114420.0,1029.29,1471950.0,0.0813972,0.0777336,3.17404,2.11603,4.76106,1.04892,510958.0,340639.0,766437.0,6807750.0,4538500.0,10211600.0,0.020513,0.013675299999999998,0.030769400000000002,46281700.0,30854500.0,69422600.0,0.139455,0.09297000000000001,0.20918299999999998
2020-11-10,10212109,232073,161912725,62138.0,120583.0,1005.29,1489660.0,0.0847112,0.0809471,3.12019,2.08013,4.68029,1.03003,509968.0,339979.0,764952.0,6954550.0,4636370.0,10431800.0,0.0209553,0.0139702,0.0314329,46791700.0,31194500.0,70187600.0,0.140992,0.09399439999999999,0.21148699999999998
2020-11-11,10360279,233652,163374851,65557.0,126807.0,1070.0,1517880.0,0.0874684,0.08354260000000001,3.06607,2.0440400000000003,4.5991,1.01326,506817.0,337878.0,760226.0,7085120.0,4723410.0,10627700.0,0.021348699999999998,0.014232499999999999,0.0320231,47298500.0,31532400.0,70947800.0,0.142519,0.0950125,0.21377800000000002
2020-11-12,10516838,234763,164943482,67233.0,132290.0,1063.71,1529220.0,0.09162999999999999,0.0865079,3.07175,2.04783,4.60763,0.998152,502653.0,335102.0,753979.0,7198970.0,4799320.0,10798500.0,0.0216918,0.014461199999999999,0.0325377,47801200.0,31867500.0,71701800.0,0.144033,0.0960223,0.21605
2020-11-13,10690115,236067,166648342,68599.0,138716.0,1080.57,1542460.0,0.09526889999999999,0.0899319,3.05492,2.03661,4.582380000000001,0.988418,497741.0,331827.0,746612.0,7290350.0,4860240.0,10935500.0,0.0219671,0.0146447,0.03295069999999999,48298900.0,32199300.0,72448400.0,0.145533,0.0970221,0.2183
2020-11-14,10856704,237419,168352206,69588.0,143765.0,1112.0,1560280.0,0.0963186,0.09214019999999999,3.0556099999999997,2.03707,4.583419999999999,0.9846790000000001,494491.0,329661.0,741736.0,7361080.0,4907390.0,11041600.0,0.0221802,0.0147868,0.0332703,48793400.0,32528900.0,73190100.0,0.14702300000000001,0.0980154,0.22053499999999998
2020-11-15,11002911,238127,169904290,70202.0,148700.0,1141.57,1608970.0,0.09654510000000001,0.0924195,3.0486400000000002,2.0324299999999997,4.57296,0.9885709999999999,491569.0,327713.0,737354.0,7413360.0,4942240.0,11120000.0,0.022337799999999998,0.0148918,0.0335066,49285000.0,32856700.0,73927500.0,0.148504,0.0990029,0.22275599999999998
2020-11-16,11152011,238736,171433723,73377.0,153202.0,1145.71,1621170.0,0.098707,0.09450069999999999,3.04535,2.03023,4.56803,1.00054,496832.0,331222.0,745248.0,7456860.0,4971240.0,11185300.0,0.022468799999999997,0.0149792,0.033703199999999996,49781800.0,33187900.0,74672700.0,0.150001,0.10000099999999999,0.225002
2020-11-17,11310487,240298,173036157,77079.0,156911.0,1175.0,1660020.0,0.0987445,0.0945234,3.04477,2.02984,4.56715,1.02148,504320.0,336214.0,756480.0,7494630.0,4996420.0,11241900.0,0.022582599999999998,0.015055100000000002,0.033873900000000005,50286100.0,33524100.0,75429200.0,0.15152100000000002,0.10101399999999999,0.22728099999999998
2020-11-18,11477519,242180,174654082,79517.0,159606.0,1218.29,1683870.0,0.0990529,0.0947852,3.05348,2.03565,4.58021,1.0470899999999999,516606.0,344404.0,774909.0,7533470.0,5022320.0,11300200.0,0.0226997,0.015133100000000002,0.0340495,50802700.0,33868500.0,76204100.0,0.153078,0.102052,0.229616
2020-11-19,11664104,244200,176502092,80682.0,163895.0,1348.14,1727940.0,0.0992564,0.0948501,3.02241,2.01494,4.5336099999999995,1.07592,532387.0,354925.0,798580.0,7578510.0,5052340.0,11367800.0,0.022835400000000002,0.015223599999999999,0.0342531,51335100.0,34223400.0,77002700.0,0.154682,0.103121,0.232023
2020-11-20,11859997,246094,178447640,82279.0,167126.0,1432.43,1765000.0,0.0991484,0.0946887,3.00058,2.0003900000000003,4.50087,1.10219,550813.0,367209.0,826219.0,7633960.0,5089310.0,11450900.0,0.023002500000000002,0.015335,0.0345037,51885900.0,34590600.0,77828900.0,0.156341,0.104228,0.234512
2020-11-21,12042806,247648,180494219,83346.0,169443.0,1461.29,1817370.0,0.0976858,0.0932352,2.98791,1.99194,4.48187,1.1233,569870.0,379913.0,854805.0,7702360.0,5134910.0,11553500.0,0.0232086,0.015472399999999999,0.034812800000000005,52455800.0,34970500.0,78683700.0,0.158059,0.10537200000000001,0.23708800000000002
2020-11-22,12196178,248565,182246264,83882.0,170467.0,1491.14,1848540.0,0.0966836,0.09221710000000001,2.99796,1.9986400000000002,4.49694,1.1364100000000001,587930.0,391954.0,881896.0,7784010.0,5189340.0,11676000.0,0.0234546,0.0156364,0.0351819,53043700.0,35362500.0,79565600.0,0.15983,0.106553,0.23974499999999999
2020-11-23,12349961,249423,183939736,85979.0,171136.0,1526.71,1873030.0,0.09578989999999998,0.09136860000000001,2.98569,1.99046,4.47853,1.14022,601418.0,400945.0,902127.0,7874370.0,5249580.0,11811600.0,0.023726900000000002,0.0158179,0.035590300000000005,53645200.0,35763400.0,80467700.0,0.161642,0.10776199999999998,0.242463
2020-11-24,12514353,251529,185821869,88174.0,171981.0,1604.43,1914190.0,0.09415710000000001,0.0898451,2.96526,1.9768400000000002,4.44789,1.13391,612810.0,408540.0,919215.0,7976230.0,5317480.0,11964300.0,0.0240338,0.0160225,0.0360507,54258000.0,36172000.0,81386900.0,0.16348900000000002,0.108993,0.245233
2020-11-25,12701487,253809,187646015,90041.0,174853.0,1661.29,1943040.0,0.09420980000000001,0.089989,2.89854,1.9323599999999999,4.34781,1.12027,622252.0,414834.0,933378.0,8088510.0,5392340.0,12132800.0,0.024372099999999997,0.016248099999999998,0.0365582,54880200.0,36586800.0,82320300.0,0.165364,0.11024300000000001,0.24804600000000002
2020-11-26,12830196,255196,188912666,90564.0,166585.0,1570.86,1858560.0,0.0939596,0.0896311,3.0174,2.0116,4.5261,1.10122,628748.0,419165.0,943122.0,8210440.0,5473630.0,12315700.0,0.0247395,0.016493,0.037109300000000005,55509000.0,37006000.0,83263400.0,0.167258,0.111506,0.25088699999999997
2020-11-27,13027376,256588,190944413,89950.0,166768.0,1499.14,1867730.0,0.0934144,0.0892893,2.98462,1.98975,4.47694,1.08043,632791.0,421861.0,949186.0,8340580.0,5560390.0,12510900.0,0.025131599999999997,0.016754400000000003,0.0376974,56141800.0,37427800.0,84212600.0,0.169165,0.112777,0.25374800000000003
2020-11-28,13178560,257839,192617422,91762.0,162251.0,1455.86,1809500.0,0.09368430000000001,0.0896658,3.0477,2.0318,4.57155,1.06016,632429.0,421619.0,948643.0,8475270.0,5650180.0,12712900.0,0.0255375,0.017025,0.0383062,56774200.0,37849500.0,85161300.0,0.171071,0.11404700000000001,0.256606
2020-11-29,13314807,258662,193902096,93357.0,159804.0,1442.43,1738070.0,0.0959716,0.0919434,3.07607,2.05072,4.61411,1.04151,632668.0,421779.0,949002.0,8613440.0,5742300.0,12920200.0,0.025953800000000003,0.017302500000000002,0.0389307,57406900.0,38271200.0,86110300.0,0.172977,0.115318,0.259465
2020-11-30,13463395,259697,195508479,96149.0,159062.0,1467.71,1721750.0,0.09624500000000001,0.0923837,3.12351,2.0823400000000003,4.68527,1.0263799999999998,633873.0,422582.0,950810.0,8755750.0,5837160.0,13133600.0,0.026382599999999996,0.0175884,0.0395739,58040700.0,38693800.0,87061100.0,0.174887,0.11659100000000001,0.26233
2020-12-01,13641607,262203,196979678,98777.0,161036.0,1524.86,1653170.0,0.10102799999999999,0.0974109,3.13172,2.0878099999999997,4.69758,1.01462,634506.0,423004.0,951760.0,8893420.0,5928950.0,13340100.0,0.0267974,0.017865,0.0401962,58675200.0,39116800.0,88012800.0,0.176799,0.11786600000000001,0.265198
2020-12-02,13842777,265007,198535645,100322.0,163041.0,1599.71,1612700.0,0.104805,0.101099,3.16856,2.11237,4.75283,1.00616,632234.0,421489.0,948351.0,9021330.0,6014220.0,13532000.0,0.0271829,0.018121900000000003,0.040774300000000006,59307500.0,39538300.0,88961200.0,0.178704,0.11913599999999999,0.268056
2020-12-03,14056416,267832,200429201,100755.0,175174.0,1805.14,1702250.0,0.106475,0.102907,3.03918,2.02612,4.5587800000000005,0.9999600000000001,630824.0,420549.0,946236.0,9135550.0,6090370.0,13703300.0,0.027527,0.0183514,0.041290499999999994,59938300.0,39958900.0,89907400.0,0.180605,0.120403,0.270907
2020-12-04,14285608,270405,202329587,101276.0,179747.0,1973.86,1685900.0,0.11051500000000002,0.106618,3.0643700000000003,2.04291,4.59656,0.994972,628848.0,419232.0,943272.0,9232010.0,6154680.0,13848000.0,0.0278177,0.0185451,0.0417265,60567100.0,40378100.0,90850700.0,0.182499,0.12166600000000001,0.27374899999999996
2020-12-05,14502286,272885,204539112,101192.0,189104.0,2149.43,1766300.0,0.111035,0.10706199999999999,3.01353,2.00902,4.5203,0.9888709999999999,628993.0,419329.0,943490.0,9310190.0,6206800.0,13965300.0,0.028053300000000003,0.018702200000000002,0.0420799,61196100.0,40797400.0,91794200.0,0.184395,0.12293,0.276592
2020-12-06,14683482,274030,206139403,101501.0,195525.0,2195.43,1813820.0,0.111844,0.107797,3.00693,2.00462,4.5104,0.9818530000000001,627552.0,418368.0,941328.0,9367880.0,6245250.0,14051800.0,0.028227099999999995,0.018818,0.0423406,61823700.0,41215800.0,92735500.0,0.18628599999999998,0.12419000000000001,0.279428
2020-12-07,14864420,275327,207857754,102148.0,200146.0,2232.86,1829150.0,0.11345,0.10942,3.00489,2.00326,4.5073300000000005,0.971556,621968.0,414645.0,932952.0,9401910.0,6267940.0,14102900.0,0.0283296,0.0188864,0.0424944,62445700.0,41630400.0,93668500.0,0.18816,0.12544,0.28224
2020-12-08,15079532,278030,209530230,104623.0,205418.0,2261.0,1872620.0,0.114571,0.109695,2.98323,1.98882,4.47485,0.958759,609660.0,406440.0,914490.0,9410160.0,6273440.0,14115200.0,0.0283545,0.018903,0.04253169999999999,63055300.0,42036900.0,94583000.0,0.189997,0.126665,0.284995
2020-12-09,15293715,281194,211341116,106705.0,207277.0,2312.43,1908280.0,0.11330599999999999,0.10862000000000001,3.00203,2.00135,4.50305,0.944274,597399.0,398266.0,896099.0,9394750.0,6263160.0,14092100.0,0.028308,0.018872,0.042462,63652700.0,42435100.0,95479100.0,0.191797,0.127865,0.287695
2020-12-10,15512666,284309,213231180,107276.0,208036.0,2353.86,1907600.0,0.11375199999999999,0.109056,3.02231,2.01487,4.53346,0.929953,582061.0,388040.0,873091.0,9354550.0,6236370.0,14031800.0,0.028186900000000004,0.018791299999999997,0.0422804,64234800.0,42823200.0,96352200.0,0.193551,0.12903399999999998,0.29032600000000003
2020-12-11,15747483,287058,215221435,108108.0,208839.0,2379.0,1919680.0,0.11339500000000001,0.10878900000000001,3.03004,2.0200299999999998,4.545059999999999,0.917106,567549.0,378366.0,851324.0,9293360.0,6195570.0,13940000.0,0.028002499999999996,0.0186683,0.0420038,64802300.0,43201500.0,97203500.0,0.195261,0.130174,0.292891
2020-12-12,15971959,289552,217032203,108461.0,209953.0,2381.0,1860630.0,0.11763900000000001,0.11284000000000001,3.0122400000000003,2.0081599999999997,4.51835,0.910833,554115.0,369410.0,831172.0,9214680.0,6143120.0,13822000.0,0.0277655,0.018510299999999997,0.041648199999999996,65356400.0,43571000.0,98034700.0,0.19693,0.131287,0.295396
2020-12-13,16157760,291046,218794683,109298.0,210611.0,2430.86,1883910.0,0.116495,0.111795,3.0039599999999997,2.00264,4.50594,0.913043,541860.0,361240.0,812791.0,9124110.0,6082740.0,13686200.0,0.0274926,0.0183284,0.041238800000000006,65898300.0,43932200.0,98847400.0,0.19856300000000002,0.132375,0.29784499999999997
2020-12-14,16350226,292404,220954143,110549.0,212258.0,2439.57,1952070.0,0.113452,0.10873499999999998,2.9863299999999997,1.99089,4.4795,0.926565,533975.0,355983.0,800963.0,9025420.0,6016950.0,13538100.0,0.0271952,0.0181301,0.040792800000000004,66432300.0,44288200.0,99648400.0,0.20017200000000002,0.133448,0.30025799999999997
2020-12-15,16540009,295375,222735753,112814.0,208640.0,2477.86,1961830.0,0.110596,0.106349,3.0411599999999996,2.0274400000000004,4.56174,0.951199,536976.0,357984.0,805463.0,8928520.0,5952350.0,13392800.0,0.0269032,0.0179355,0.0403548,66969200.0,44646200.0,100454000.0,0.20179,0.134527,0.302685
2020-12-16,16771662,298823,224527721,113278.0,211135.0,2518.43,1962490.0,0.112079,0.10758499999999999,2.99445,1.9963,4.49167,0.982475,547945.0,365297.0,821918.0,8841960.0,5894640.0,13262900.0,0.026642400000000004,0.0177616,0.039963599999999995,67517200.0,45011500.0,101276000.0,0.203441,0.135627,0.305162
2020-12-17,17011818,302261,226401061,114459.0,214165.0,2564.57,1960590.0,0.11383199999999999,0.10923499999999998,2.94551,1.96367,4.41827,1.01636,565220.0,376813.0,847830.0,8774950.0,5849960.0,13162400.0,0.0264405,0.017627,0.0396607,68082400.0,45388300.0,102124000.0,0.205144,0.13676300000000002,0.307716
2020-12-18,17251064,305127,228598746,113955.0,214797.0,2581.29,1991220.0,0.112398,0.10787200000000001,2.9276400000000002,1.95176,4.39145,1.05027,583486.0,388991.0,875229.0,8727610.0,5818410.0,13091400.0,0.0262978,0.017531900000000003,0.0394467,68665900.0,45777300.0,102999000.0,0.206902,0.137935,0.310354
2020-12-19,17453876,307850,230338332,113929.0,211702.0,2614.0,1981150.0,0.111371,0.106858,2.97112,1.98075,4.45668,1.07156,592628.0,395085.0,888942.0,8691390.0,5794260.0,13037100.0,0.0261887,0.017459099999999998,0.039283,69258500.0,46172400.0,103888000.0,0.208688,0.139125,0.31303200000000003
2020-12-20,17649893,309483,232120512,113601.0,213162.0,2633.86,1982980.0,0.111973,0.10749600000000001,2.94402,1.96268,4.41602,1.0927799999999999,604625.0,403083.0,906937.0,8667020.0,5778010.0,13000500.0,0.0261153,0.0174102,0.039172900000000004,69863200.0,46575400.0,104795000.0,0.21051,0.14034000000000002,0.315765
2020-12-21,17828084,310968,234196886,115351.0,211123.0,2652.0,1969850.0,0.111598,0.107177,2.94601,1.964,4.41901,1.11096,619841.0,413227.0,929762.0,8659310.0,5772870.0,12989000.0,0.026092,0.0173947,0.039138,70483000.0,46988700.0,105724000.0,0.212378,0.141585,0.318567
2020-12-22,18018016,314134,235904664,117761.0,211144.0,2679.86,1959240.0,0.11223499999999999,0.107768,2.88742,1.92494,4.331119999999999,0.0,0.0,0.0,0.0,0.0,0.0,0.0,0.0,0.0,0.0,0.0,0.0,0.0,0.0,0.0,0.0
2020-12-23,18238850,317513,237653685,119463.0,209598.0,2670.0,1953170.0,0.111778,0.10731199999999999,2.8502099999999997,1.9001400000000002,4.27532,0.0,0.0,0.0,0.0,0.0,0.0,0.0,0.0,0.0,0.0,0.0,0.0,0.0,0.0,0.0,0.0
2020-12-24,18442475,320462,239582165,120151.0,204380.0,2600.14,1960670.0,0.10853800000000001,0.10424000000000001,2.8479400000000004,1.8986299999999998,4.27191,0.0,0.0,0.0,0.0,0.0,0.0,0.0,0.0,0.0,0.0,0.0,0.0,0.0,0.0,0.0,0.0
2020-12-25,18567843,322010,240872939,118948.0,188111.0,2411.86,1827340.0,0.10728,0.102943,3.01709,2.0114,4.52564,0.0,0.0,0.0,0.0,0.0,0.0,0.0,0.0,0.0,0.0,0.0,0.0,0.0,0.0,0.0,0.0
2020-12-26,18757337,323429,243010200,117344.0,186209.0,2225.57,1883420.0,0.10286300000000001,0.0988675,2.9757700000000002,1.98385,4.46366,0.0,0.0,0.0,0.0,0.0,0.0,0.0,0.0,0.0,0.0,0.0,0.0,0.0,0.0,0.0,0.0
2020-12-27,18910531,324831,244393693,118720.0,180091.0,2192.57,1825120.0,0.10271500000000001,0.0986734,3.00881,2.00588,4.51322,0.0,0.0,0.0,0.0,0.0,0.0,0.0,0.0,0.0,0.0,0.0,0.0,0.0,0.0,0.0,0.0
2020-12-28,19072721,326322,245934013,121235.0,177805.0,2193.43,1748020.0,0.10604300000000001,0.10171799999999999,3.00315,2.0021,4.50472,0.0,0.0,0.0,0.0,0.0,0.0,0.0,0.0,0.0,0.0,0.0,0.0,0.0,0.0,0.0,0.0
2020-12-29,19267915,329621,247185651,124693.0,178557.0,2212.43,1681000.0,0.110797,0.10622100000000001,3.00731,2.00487,4.51096,0.0,0.0,0.0,0.0,0.0,0.0,0.0,0.0,0.0,0.0,0.0,0.0,0.0,0.0,0.0,0.0
2020-12-30,19493586,333524,248727074,125218.0,179248.0,2287.29,1649130.0,0.113311,0.10869300000000001,3.05691,2.0379400000000003,4.585369999999999,0.0,0.0,0.0,0.0,0.0,0.0,0.0,0.0,0.0,0.0,0.0,0.0,0.0,0.0,0.0,0.0
2020-12-31,19716622,336811,250475952,125379.0,182021.0,2335.57,1622570.0,0.116961,0.11218099999999999,3.1052400000000002,2.07016,4.65787,0.0,0.0,0.0,0.0,0.0,0.0,0.0,0.0,0.0,0.0,0.0,0.0,0.0,0.0,0.0,0.0
2021-01-01,19896474,339407,251752213,125047.0,189804.0,2485.29,1622090.0,0.122125,0.11701199999999999,3.0741400000000003,2.04943,4.611219999999999,0.0,0.0,0.0,0.0,0.0,0.0,0.0,0.0,0.0,0.0,0.0,0.0,0.0,0.0,0.0,0.0
2021-01-02,20175154,341802,253829549,123614.0,202545.0,2624.71,1613570.0,0.131045,0.125526,2.9259,1.9506,4.38885,0.0,0.0,0.0,0.0,0.0,0.0,0.0,0.0,0.0,0.0,0.0,0.0,0.0,0.0,0.0,0.0
2021-01-03,20382880,343263,255273918,125562.0,210336.0,2633.14,1623060.0,0.135323,0.129592,2.8745700000000003,1.91638,4.31186,0.0,0.0,0.0,0.0,0.0,0.0,0.0,0.0,0.0,0.0,0.0,0.0,0.0,0.0,0.0,0.0
2021-01-04,20560549,344808,256912000,128210.0,212547.0,2640.86,1631790.0,0.135528,0.130254,2.91626,1.9441700000000002,4.37438,0.0,0.0,0.0,0.0,0.0,0.0,0.0,0.0,0.0,0.0,0.0,0.0,0.0,0.0,0.0,0.0
